scrip,type,date,price,quantity
SAKUMA,Buy,05/08/09,13.60,50
SATYAMCOMP,Buy,05/08/09,110.45,85
SUZLON,Sell,10/08/09,85.85,10
PTC,Buy,10/08/09,88.90,50
SATYAMCOMP,Buy,10/08/09,100.90,45
SUZLON,Buy,10/08/09,84.00,10
TATASTEEL,Sell,12/08/09,450.70,10
TATASTEEL,Buy,12/08/09,441.35,10
ONGC,Buy,18/08/09,1182.65,4
FCSSOFT,Buy,19/08/09,70.82,80
SATYAMCOMP,Sell,20/08/09,99.20,85
BALAJITELE,Buy,24/08/09,64.15,100
526899,Buy,26/08/09,32.15,60
CAIRN,Buy,01/09/09,266.00,56
SYNDIBANK,Buy,18/09/09,87.30,400
SYNDIBANK,Sell,30/09/09,90.55,50
BALAJITELE,Sell,30/09/09,74.30,100
SATYAMCOMP,Sell,30/09/09,120.30,45
SYNDIBANK,Sell,30/09/09,90.70,50
SYNDIBANK,Sell,30/09/09,90.75,50
SYNDIBANK,Sell,30/09/09,90.85,25
SYNDIBANK,Sell,30/09/09,90.75,75
SYNDIBANK,Sell,30/09/09,91.00,25
SYNDIBANK,Sell,30/09/09,91.80,25
SYNDIBANK,Sell,30/09/09,91.80,25
SYNDIBANK,Sell,30/09/09,92.55,25
SYNDIBANK,Sell,30/09/09,92.85,25
SYNDIBANK,Sell,30/09/09,93.00,25
TCS,Buy,05/10/09,624.10,65
TCS,Buy,05/10/09,615.00,12
ONGC,Buy,14/10/09,1259.00,19
FCSSOFT,Sell,20/10/09,13.85,800
ICICIBANK,Buy,30/10/09,795.00,62
SAKUMA,Sell,05/11/09,10.55,50
ONGC,Sell,05/11/09,1125.00,23
NAVNETEDUL,Buy,09/11/09,41.51,625
JINDALSAW,Buy,25/11/09,909.00,55
526899,Sell,14/12/09,39.10,59
CAIRN,Sell,14/12/09,270.00,56
PTC,Sell,14/12/09,104.35,50
BERGEPAINT,Buy,15/12/09,63.70,355
TCS,Sell,30/12/09,745.00,77
JSWISPAT,Buy,30/12/09,22.20,1130
BALAJITELE,Buy,30/12/09,62.30,415
ICICIBANK,Sell,04/01/10,879.25,62
FCSSOFT,Buy,04/01/10,16.30,3100
FCSSOFT,Buy,04/01/10,15.45,530
FCSSOFT,Sell,13/01/10,14.30,3630
JINDALSAW,Sell,13/01/10,205.80,275
SONATSOFTW,Buy,14/01/10,57.00,660
SONATSOFTW,Sell,27/01/10,55.82,660
BALAJITELE,Sell,27/01/10,56.85,415
NAVNETEDUL,Sell,27/01/10,46.60,625
JSWISPAT,Sell,27/01/10,20.00,1130
BERGEPAINT,Sell,27/01/10,57.40,355
UNIONBANK,Sell,28/01/10,255.60,400
SONATSOFTW,Buy,28/01/10,55.00,1800
SONATSOFTW,Buy,28/01/10,54.50,3600
UNIONBANK,Sell,28/01/10,257.00,400
SONATSOFTW,Sell,28/01/10,53.54,5400
SONATSOFTW,Sell,28/01/10,53.24,5400
SONATSOFTW,Buy,28/01/10,54.38,5400
UNIONBANK,Buy,28/01/10,256.88,800
CGPOWER,Buy,28/01/10,415.66,250
CGPOWER,Buy,28/01/10,415.83,250
CGPOWER,Buy,28/01/10,415.94,500
CGPOWER,Buy,28/01/10,416.40,250
CGPOWER,Buy,28/01/10,423.95,60
CGPOWER,Sell,28/01/10,427.75,1310
CGPOWER,Buy,29/01/10,417.36,500
CGPOWER,Buy,29/01/10,414.39,500
CGPOWER,Buy,29/01/10,415.50,400
CGPOWER,Sell,29/01/10,433.86,1400
NAVNETEDUL,Buy,01/02/10,48.00,750
NAVNETEDUL,Buy,01/02/10,48.20,500
NAVNETEDUL,Buy,01/02/10,48.00,1000
NAVNETEDUL,Buy,01/02/10,47.83,1000
SUZLON,Sell,01/02/10,76.53,6944
NAVNETEDUL,Buy,01/02/10,48.64,5000
NAVNETEDUL,Buy,01/02/10,48.33,2500
NAVNETEDUL,Buy,01/02/10,48.97,3000
NAVNETEDUL,Sell,01/02/10,48.20,750
NAVNETEDUL,Sell,01/02/10,48.10,12750
NAVNETEDUL,Sell,01/02/10,48.05,250
SUZLON,Buy,01/02/10,78.00,4944
SUZLON,Buy,01/02/10,78.70,2000
SPANCO,Buy,02/02/10,71.65,700
KRBL,Buy,02/02/10,249.00,1000
KRBL,Buy,02/02/10,251.10,714
KRBL,Buy,02/02/10,258.86,500
KRBL,Sell,02/02/10,258.00,500
KRBL,Buy,02/02/10,257.00,500
KRBL,Buy,02/02/10,248.50,300
KRBL,Buy,02/02/10,246.10,250
KRBL,Sell,02/02/10,244.74,2764
KRBL,Buy,02/02/10,245.82,200
SPICETELE,Sell,03/02/10,64.58,2000
SPICETELE,Sell,03/02/10,64.00,2000
SPICETELE,Buy,03/02/10,64.00,4000
TITAN,Buy,03/02/10,1738.99,100
TITAN,Buy,03/02/10,1734.27,80
TITAN,Sell,03/02/10,1742.00,180
SPANCO,Buy,05/02/10,69.00,350
INOXLEISUR,Buy,08/02/10,79.00,525
INOXLEISUR,Buy,08/02/10,76.90,140
AXISCADES,Buy,10/02/10,68.00,13
JAICORPLTD,Buy,10/02/10,281.60,136
INOXLEISUR,Sell,15/02/10,73.44,665
TWL,Buy,15/02/10,474.40,100
SPANCO,Sell,16/02/10,85.65,1050
KRBL,Sell,16/02/10,26.35,2000
JAICORPLTD,Sell,16/02/10,257.50,136
TWL,Buy,16/02/10,462.80,180
JKCEMENT,Buy,17/02/10,192.98,1800
JKCEMENT,Sell,17/02/10,188.40,1800
AXISCADES,Sell,17/02/10,65.05,13
HONAUT,Buy,17/02/10,2330.89,34
TWL,Sell,22/02/10,417.00,280
HONAUT,Sell,22/02/10,2375.00,34
TWL,Sell,22/02/10,403.43,1000
TWL,Sell,22/02/10,401.21,400
TWL,Buy,22/02/10,411.50,1400
STER,Buy,02/03/10,800.00,25
FORTIS,Buy,02/03/10,160.55,125
TATAMOTORS,Buy,02/03/10,772.00,26
INGVYSYABK,Buy,02/03/10,261.00,55
STRTECH,Buy,02/03/10,416.00,36
CLUTCHAUTO,Buy,03/03/10,67.00,300
JKCEMENT,Buy,03/03/10,186.30,85
INGVYSYABK,Sell,08/03/10,281.10,55
HINDMOTORS,Buy,08/03/10,24.60,700
STRTECH,Sell,08/03/10,433.40,36
SPICEMOBI,Buy,08/03/10,44.85,345
HINDMOTORS,Sell,11/03/10,22.60,700
CLUTCHAUTO,Sell,15/03/10,66.22,300
FORTIS,Buy,15/03/10,179.00,105
UMESLTD,Buy,15/03/10,31.00,85
526899,Buy,16/03/10,35.85,20
SPICEMOBI,Sell,18/03/10,44.19,345
STER,Sell,18/03/10,831.51,25
ENGINERSIN,Buy,18/03/10,2402.32,10
KRBL,Buy,18/03/10,26.40,425
526899,Sell,19/03/10,34.70,21
UMESLTD,Sell,19/03/10,36.70,80
JKCEMENT,Sell,23/03/10,184.00,85
UMESLTD,Buy,25/03/10,44.75,430
ENGINERSIN,Sell,29/03/10,2336.00,2
KGL,Buy,29/03/10,19.00,900
KRBL,Sell,31/03/10,23.45,425
KGL,Sell,31/03/10,18.00,900
SPANCO,Buy,05/04/10,84.15,320
FORTIS,Sell,06/04/10,176.50,230
AXISCADES,Buy,07/04/10,81.60,245
CENTEXT,Buy,07/04/10,12.89,1555
531952,Buy,07/04/10,17.13,1111
531952,Buy,12/04/10,15.15,34
CENTEXT,Sell,13/04/10,13.68,1555
531952,Sell,13/04/10,14.64,1111
524719,Buy,20/04/10,4.73,2000
AXISCADES,Buy,20/04/10,77.70,165
UNIMIN,Buy,20/04/10,15.00,1000
DHANBANK,Buy,26/04/10,152.35,130
UMESLTD,Sell,27/04/10,47.40,435
514450,Buy,28/04/10,173.50,115
514450,Sell,03/05/10,175.00,115
MEUKAR,Buy,04/05/10,24.00,800
SPANCO,Sell,05/05/10,114.52,320
AXISCADES,Sell,05/05/10,70.00,410
UNIMIN,Sell,05/05/10,11.30,50
UNIMIN,Sell,05/05/10,11.30,50
UNIMIN,Sell,05/05/10,11.40,500
UNIMIN,Sell,05/05/10,11.50,400
TATAMOTORS,Sell,05/05/10,830.10,26
DHANBANK,Sell,05/05/10,142.70,130
ENGINERSIN,Sell,05/05/10,2261.00,8
524719,Sell,06/05/10,6.04,2000
BANKRAJAS,Buy,06/05/10,94.00,800
BANKRAJAS,Buy,06/05/10,95.00,1000
BANKRAJAS,Buy,06/05/10,93.20,500
BANKRAJAS,Sell,06/05/10,92.30,2300
SPANCO,Buy,10/05/10,115.50,520
GRAPHITE,Buy,10/05/10,98.20,200
TATAMOTORS,Buy,11/05/10,807.00,18
CLUTCHAUTO,Buy,11/05/10,67.35,220
TRIL,Buy,11/05/10,417.00,36
MERCATOR,Buy,11/05/10,54.55,280
UBENGG,Buy,11/05/10,181.50,82
DHANBANK,Buy,11/05/10,146.90,135
TIMESGTY,Buy,14/05/10,159.00,65
531555,Buy,14/05/10,57.90,200
MEUKAR,Sell,19/05/10,19.00,800
531952,Buy,20/05/10,12.60,158
SPANCO,Sell,21/05/10,106.80,100
SPANCO,Sell,21/05/10,108.00,100
SPANCO,Sell,21/05/10,107.60,100
SPANCO,Sell,21/05/10,107.50,200
TATAMOTORS,Sell,21/05/10,680.00,18
CLUTCHAUTO,Sell,21/05/10,56.75,220
MERCATOR,Sell,21/05/10,47.70,280
531555,Buy,24/05/10,51.10,100
SPANCO,Buy,24/05/10,115.35,800
EMPEESUG,Buy,16/06/10,46.60,225
NOVARTIND,Buy,16/06/10,680.00,35
531952,Sell,16/06/10,11.80,192
RPOWER,Buy,16/06/10,177.15,85
531555,Sell,18/06/10,47.68,300
UPL,Buy,18/06/10,193.45,25
HONAUT,Buy,21/06/10,2919.95,4
HONAUT,Buy,24/06/10,2779.05,1
TIMESGTY,Sell,30/06/10,114.50,65
519566,Buy,30/06/10,51.00,140
DHANBANK,Sell,30/06/10,183.75,135
RALLIS,Buy,05/07/10,1114.00,11
HONAUT,Buy,05/07/10,2996.00,4
GRAPHITE,Sell,13/07/10,105.70,200
PANASONIC,Buy,14/07/10,226.00,110
UPL,Sell,20/07/10,175.70,25
519566,Buy,21/07/10,51.85,80
RALLIS,Sell,27/07/10,1214.00,11
UBENGG,Sell,27/07/10,196.00,82
WHIRLPOOL,Buy,28/07/10,281.00,100
RPOWER,Sell,02/08/10,162.30,85
VIPIND,Buy,04/08/10,468.00,47
TRIL,Sell,10/08/10,406.00,36
EMPEESUG,Buy,11/08/10,64.48,220
SPANCO,Sell,11/08/10,98.00,600
TI,Buy,12/08/10,238.00,50
KTKBANK,Buy,16/08/10,177.50,55
KTKBANK,Sell,23/08/10,172.50,55
JVLAGRO,Buy,24/08/10,445.70,21
HONAUT,Sell,26/08/10,2449.78,9
519566,Buy,27/08/10,59.70,80
SPANCO,Sell,30/08/10,94.54,220
NOVARTIND,Sell,08/09/10,654.15,35
AXISCADES,Buy,09/09/10,142.00,158
513693,Buy,15/09/10,298.50,50
SATYAMCOMP,Buy,23/09/10,111.50,130
WHIRLPOOL,Sell,23/09/10,296.00,80
SATYAMCOMP,Buy,23/09/10,111.00,215
ORCHIDPHAR,Buy,04/10/10,281.70,70
TATAMOTORS,Buy,04/10/10,1134.20,17
NAVNETEDUL,Buy,06/10/10,72.50,135
KFA,Buy,06/10/10,78.00,130
ORIENTBANK,Buy,07/10/10,510.00,40
EMPEESUG,Sell,08/10/10,63.58,445
VIPIND,Sell,08/10/10,618.45,47
MODILUFT,Buy,11/10/10,76.75,130
JETAIRWAYS,Buy,11/10/10,845.76,12
SPANCO,Buy,13/10/10,161.48,230
519566,Buy,27/10/10,78.55,60
MODILUFT,Buy,27/10/10,85.00,58
TI,Buy,27/10/10,99.85,50
ORCHIDPHAR,Buy,27/10/10,333.65,15
TI,Buy,01/11/10,101.00,50
PANASONIC,Sell,02/11/10,153.35,110
TITAN,Buy,02/11/10,3865.00,4
SPICEMOBI,Buy,03/11/10,138.20,108
513693,Sell,11/11/10,300.00,50
KFA,Sell,12/11/10,83.05,130
SATYAMCOMP,Sell,16/11/10,76.95,345
EMPEESUG,Buy,30/11/10,65.25,230
FEDERALBNK,Buy,30/11/10,439.00,34
VIPIND,Buy,01/12/10,633.90,24
TATAMOTORS,Buy,07/12/10,1347.25,2
TATAMOTORS,Sell,09/12/10,1303.90,17
INDIASEC,Buy,27/12/10,55.80,100
TATAMOTORS,Buy,27/12/10,1312.80,3
INDIASEC,Buy,14/01/11,65.00,55
MODILUFT,Sell,01/02/11,59.43,188
JETAIRWAYS,Sell,01/02/11,544.20,12
INDIASEC,Buy,02/02/11,67.50,14
AXISCADES,Buy,02/02/11,82.25,12
TATAMOTORS,Buy,16/02/11,1227.00,8
BERGEPAINT,Buy,08/03/11,87.00,170
KOKUYOCMLN,Buy,08/03/11,50.70,100
EMPEESUG,Sell,15/03/11,63.63,200
JVLAGRO,Sell,15/03/11,17.30,210
519566,Sell,15/03/11,24.87,360
TI,Sell,15/03/11,56.59,250
TTKPRESTIG,Buy,25/03/11,2135.00,9
KOKUYOCMLN,Buy,31/03/11,56.50,90
ORIENTBANK,Buy,04/04/11,387.90,12
CUB,Buy,04/04/11,48.50,200
EMPEESUG,Buy,06/04/11,75.95,70
KOKUYOCMLN,Sell,18/04/11,72.15,180
BERGEPAINT,Sell,19/05/11,103.77,160
ORCHIDPHAR,Sell,23/05/11,270.05,80
KOKUYOCMLN,Buy,30/05/11,85.45,170
VIPIND,Buy,10/06/11,761.95,2
BERGEPAINT,Buy,10/06/11,102.84,20
TTKPRESTIG,Sell,16/06/11,2695.86,8
VIPIND,Sell,16/06/11,740.30,25
VIPIND,Buy,21/06/11,702.55,7
BERGEPAINT,Buy,21/06/11,99.80,50
TTKPRESTIG,Buy,21/06/11,2529.95,2
VIPIND,Buy,29/06/11,769.00,12
TTKPRESTIG,Buy,29/06/11,2958.45,3
TATAMOTORS,Buy,29/06/11,991.80,5
BERGEPAINT,Sell,04/08/11,102.10,75
AXISCADES,Buy,09/09/11,105.99,55
VIPIND,Sell,25/10/11,867.35,19
TATAMOTORS,Buy,25/10/11,187.05,90
ICICIBANK,Buy,06/02/12,930.50,10
HDFCBANK,Buy,06/02/12,510.00,20
AXISBANK,Buy,06/02/12,1108.20,9
VIPIND,Buy,06/02/12,113.80,42
HDFCBANK,Buy,13/03/12,522.24,9
ICICIBANK,Buy,13/03/12,935.70,5
AXISBANK,Buy,13/03/12,1240.10,9
TATAMOTORS,Sell,21/03/12,268.45,178
KOKUYOCMLN,Sell,21/03/12,33.65,180
JUBLFOOD,Buy,12/04/12,1162.00,8
BERGEPAINT,Buy,16/05/12,130.65,40
TATAMOTORS,Buy,16/05/12,269.75,20
VIPIND,Buy,25/05/12,81.80,60
CUB,Buy,25/05/12,48.35,100
AXISBANK,Buy,25/05/12,1005.50,5
ICICIBANK,Buy,25/05/12,811.00,6
TATAMOTORS,Buy,30/05/12,246.65,18
CUB,Buy,09/07/12,53.60,100
TTKPRESTIG,Buy,09/07/12,3258.05,3
JUBLFOOD,Buy,09/07/12,1247.95,5
HDFCBANK,Buy,09/07/12,576.35,10
TITAN,Buy,09/07/12,230.15,35
WOCKPHARMA,Buy,17/08/12,1286.60,1
TATAMOTORS,Buy,21/08/12,245.55,41
HDFCBANK,Buy,21/08/12,595.45,16
ICICIBANK,Buy,21/08/12,965.70,10
CUB,Buy,21/08/12,50.75,100
FEDERALBNK,Buy,21/08/12,439.80,11
AXISBANK,Buy,21/08/12,1112.95,5
MCLEODRUSS,Buy,21/08/12,318.40,15
DIVISLAB,Buy,21/08/12,1178.00,5
BATAINDIA,Buy,21/08/12,895.95,6
LUPIN,Buy,21/08/12,573.80,20
HINDUNILVR,Buy,21/08/12,501.80,20
ASIANPAINT,Buy,21/08/12,3685.00,2
ITC,Buy,21/08/12,261.00,35
ORIENTPPR,Buy,21/08/12,69.20,100
APOLLOHOSP,Buy,21/08/12,625.50,8
BERGEPAINT,Buy,21/08/12,135.30,70
SUNPHARMA,Buy,21/08/12,659.30,10
GLENMARK,Buy,21/08/12,414.45,10
WOCKPHARMA,Buy,21/08/12,1271.95,8
STAR,Buy,21/08/12,828.60,12
TCS,Buy,21/08/12,1299.25,5
MINDTREE,Buy,21/08/12,649.05,15
AXISCADES,Buy,23/08/12,100.95,50
MRF,Buy,23/08/12,10877.00,1
GODREJCP,Buy,23/08/12,654.95,7
ORCHIDPHAR,Buy,23/08/12,114.75,50
VIPIND,Buy,03/09/12,75.85,65
APOLLOHOSP,Buy,05/10/12,777.00,10
TTKPRESTIG,Buy,09/10/12,3760.00,2
ICICIBANK,Buy,09/10/12,1067.45,5
HDFCBANK,Buy,09/10/12,627.10,8
SHREECEM,Buy,09/10/12,3887.95,2
JKCEMENT,Buy,09/10/12,252.70,20
JKLAKSHMI,Buy,09/10/12,113.55,50
ULTRACEMCO,Buy,09/10/12,2023.65,3
532201,Buy,09/10/12,212.10,25
TTKPRESTIG,Sell,12/10/12,3385.80,10
VIPIND,Sell,01/11/12,78.40,171
JKLAKSHMI,Buy,01/11/12,124.95,70
SHREECEM,Buy,01/11/12,4226.80,1
GLENMARK,Buy,01/11/12,430.70,20
APOLLOHOSP,Buy,01/11/12,775.30,10
ORCHIDPHAR,Buy,02/11/12,105.80,50
JKCEMENT,Buy,08/11/12,310.49,20
TATAMOTORS,Buy,08/11/12,276.70,20
APOLLOHOSP,Buy,08/11/12,862.00,3
TTKPRESTIG,Buy,08/11/12,3452.88,2
ORIENTPPR,Buy,08/11/12,80.10,40
NAVNETEDUL,Sell,09/11/12,56.75,135
TITAN,Buy,09/11/12,289.05,33
JUBLFOOD,Sell,30/11/12,1244.60,10
SPICEMOBI,Sell,30/11/12,39.29,108
MINDTREE,Sell,30/11/12,698.50,15
UNIONBANK,Buy,03/12/12,244.28,28
INDUSINDBK,Buy,03/12/12,414.67,15
TTKPRESTIG,Buy,03/12/12,3556.00,3
JKCEMENT,Buy,03/12/12,304.00,10
TITAN,Buy,11/12/12,299.11,15
CUB,Buy,11/12/12,58.50,80
UNIONBANK,Buy,11/12/12,264.30,20
APOLLOHOSP,Buy,11/12/12,810.00,5
STAR,Buy,11/12/12,1129.85,5
WOCKPHARMA,Buy,11/12/12,1644.50,3
TREEHOUSE,Buy,13/12/12,275.45,20
ORIENTPPR,Buy,13/12/12,85.40,30
RAMCOCEM,Buy,19/12/12,218.75,23
IDFC,Buy,19/12/12,177.85,28
STAR,Buy,20/12/12,1161.05,4
GODREJCP,Buy,27/12/12,754.10,7
RAMCOCEM,Buy,27/12/12,242.80,23
PAGEIND,Buy,28/12/12,3346.67,3
TATAMOTORS,Sell,08/04/13,260.65,100
MRF,Sell,08/04/13,11959.00,1
CUB,Sell,12/04/13,53.90,580
TCS,Sell,12/04/13,1509.40,5
ASIANPAINT,Sell,12/04/13,4694.45,2
BERGEPAINT,Sell,12/04/13,192.20,115
APOLLOHOSP,Sell,12/04/13,819.81,36
WOCKPHARMA,Sell,12/04/13,1808.85,12
SUNPHARMA,Sell,12/04/13,874.26,10
LUPIN,Sell,12/04/13,660.02,20
GLENMARK,Sell,12/04/13,495.00,30
TITAN,Sell,12/04/13,250.45,163
HDFCBANK,Sell,06/05/13,672.90,63
ICICIBANK,Sell,06/05/13,1114.90,36
AXISBANK,Sell,06/05/13,1455.35,28
AXISCADES,Sell,09/05/13,46.09,275
SPANCO,Sell,09/05/13,8.91,230
ORIENTBANK,Sell,09/05/13,257.05,52
PAGEIND,Sell,09/05/13,3803.02,3
FEDERALBNK,Sell,09/05/13,448.45,45
TREEHOUSE,Sell,09/05/13,284.35,20
JUBLFOOD,Sell,09/05/13,1104.00,3
ORCHIDPHAR,Sell,10/05/13,67.10,105
INDUSINDBK,Sell,10/05/13,499.30,15
GODREJCP,Sell,16/05/13,879.23,14
HINDUNILVR,Sell,16/05/13,582.65,20
ITC,Sell,16/05/13,334.70,35
SHREECEM,Sell,05/06/13,4699.90,3
BATAINDIA,Sell,18/07/13,935.50,6
MCLEODRUSS,Sell,29/08/13,260.00,15
IDFC,Sell,29/08/13,80.30,28
UNIONBANK,Sell,29/08/13,98.15,48
N100,Buy,25/10/13,205.34,485
DIVISLAB,Sell,06/12/13,1139.95,5
TTKPRESTIG,Sell,06/12/13,3556.05,6
STAR,Sell,06/12/13,863.93,21
VIPIND,Sell,06/12/13,59.10,1
ORIENTPPR,Sell,06/12/13,11.50,170
532201,Sell,06/12/13,185.85,25
JKCEMENT,Sell,06/12/13,200.05,50
JKLAKSHMI,Sell,06/12/13,70.44,120
RAMCOCEM,Sell,06/12/13,173.13,46
ULTRACEMCO,Sell,06/12/13,1875.65,3
N100,Sell,27/03/14,215.27,485
SBIN,Buy,16/05/14,2477.05,20
SBIN,Buy,16/05/14,2500.00,1
ICICIBANK,Buy,16/05/14,1583.45,30
ICICIBANK,Buy,16/05/14,1541.61,30
SBIN,Buy,16/05/14,2420.50,30
ICICIBANK,Buy,16/05/14,1509.00,80
SBIN,Buy,16/05/14,2432.72,80
ICICIBANK,Sell,16/05/14,1493.04,140
SBIN,Sell,16/05/14,2443.05,131
EICHERMOT,Buy,12/05/15,16699.95,5
STAR,Buy,18/05/15,1087.08,91
NATCOPHARM,Buy,18/05/15,2457.65,46
NATCOPHARM,Sell,03/06/15,2042.01,46
EICHERMOT,Buy,03/06/15,18145.95,5
PAGEIND,Buy,03/06/15,15398.86,6
EICHERMOT,Buy,04/06/15,17432.92,5
EICHERMOT,Buy,04/06/15,17330.00,1
PERSISTENT,Buy,04/06/15,769.02,125
ICICIBANK,Buy,29/06/15,302.80,753
YESBANK,Buy,29/06/15,833.50,272
ICICIBANK,Sell,29/06/15,302.40,753
YESBANK,Sell,29/06/15,831.35,272
CANFINHOME,Buy,29/06/15,732.88,67
GICHSGFIN,Buy,29/06/15,217.84,228
LICHSGFIN,Buy,29/06/15,452.45,109
JKCEMENT,Buy,29/06/15,656.58,75
PAGEIND,Buy,29/06/15,14945.00,2
LICHSGFIN,Sell,21/10/15,483.40,109
CANFINHOME,Buy,21/10/15,995.98,52
GICHSGFIN,Sell,21/10/15,201.22,228
CANFINHOME,Buy,21/10/15,997.00,47
BAJFINANCE,Buy,21/10/15,5350.00,2
WOCKPHARMA,Buy,21/10/15,1562.00,7
BAJAJFINSV,Buy,21/10/15,1845.00,4
SIMPLEX,Buy,21/10/15,25.20,25
FINCABLES,Buy,21/10/15,251.00,1
FINCABLES,Buy,21/10/15,251.00,11
VINDHYATEL,Buy,21/10/15,854.00,10
KANSAINER,Buy,21/10/15,257.00,20
PRATIBHA,Buy,21/10/15,44.85,50
PRATIBHA,Buy,21/10/15,44.90,100
PRATIBHA,Buy,21/10/15,44.95,200
BERGEPAINT,Buy,21/10/15,224.00,22
AVANTIFEED,Buy,21/10/15,2950.00,3
NCC,Buy,21/10/15,82.25,85
STRTECH,Buy,21/10/15,100.10,40
TATAMOTORS,Buy,21/10/15,385.00,12
SIMPLEXINF,Buy,21/10/15,341.00,3
SIMPLEXINF,Buy,21/10/15,345.00,20
SIMPLEXINF,Buy,21/10/15,345.00,1
BERGEPAINT,Buy,21/10/15,222.50,1
JKCEMENT,Sell,28/12/15,609.11,75
CANFINHOME,Buy,28/12/15,1094.54,41
INDIGO,Buy,20/01/16,1204.65,85
VRLLOG,Buy,20/01/16,377.50,98
VRLLOG,Buy,20/01/16,377.50,19
VRLLOG,Buy,20/01/16,377.50,15
N100,Buy,20/01/16,289.90,10
N100,Buy,20/01/16,289.90,5
N100,Buy,20/01/16,289.90,10
N100,Buy,20/01/16,289.90,5
N100,Buy,20/01/16,289.90,10
N100,Buy,20/01/16,289.90,5
N100,Buy,20/01/16,289.90,10
N100,Buy,20/01/16,289.90,5
N100,Buy,20/01/16,289.90,10
N100,Buy,20/01/16,289.90,5
N100,Buy,20/01/16,289.90,10
N100,Buy,20/01/16,289.90,5
N100,Buy,20/01/16,289.90,10
N100,Buy,20/01/16,289.90,5
N100,Buy,20/01/16,289.90,10
N100,Buy,20/01/16,289.90,5
N100,Buy,20/01/16,289.90,10
N100,Buy,20/01/16,290.99,70
N100,Buy,20/01/16,291.00,10
N100,Buy,20/01/16,291.00,100
N100,Buy,20/01/16,292.00,13
N100,Buy,20/01/16,289.90,7
N100,Buy,20/01/16,289.90,5
TATAMOTORS,Buy,25/01/16,339.00,295
INDIGO,Buy,25/01/16,894.20,112
N100,Buy,01/02/16,314.10,200
N100,Buy,01/02/16,315.80,200
N100,Buy,01/02/16,315.80,200
N100,Buy,01/02/16,316.00,1
N100,Buy,01/02/16,316.88,100
N100,Buy,01/02/16,316.88,5
N100,Buy,01/02/16,318.50,200
N100,Buy,01/02/16,319.00,211
N100,Buy,01/02/16,319.10,200
N100,Buy,01/02/16,319.60,200
N100,Buy,01/02/16,320.70,200
N100,Buy,01/02/16,320.70,200
N100,Buy,01/02/16,320.88,100
N100,Buy,01/02/16,320.88,5
N100,Buy,01/02/16,322.00,5
N100,Buy,01/02/16,322.60,151
N100,Buy,01/02/16,303.88,150
N100,Buy,01/02/16,303.89,33
N100,Buy,01/02/16,305.10,1
N100,Buy,01/02/16,306.00,1
N100,Buy,01/02/16,306.00,1
N100,Buy,01/02/16,306.90,1
N100,Buy,01/02/16,307.88,1
N100,Buy,01/02/16,307.88,1
N100,Buy,01/02/16,309.10,200
N100,Buy,01/02/16,309.90,1
N100,Buy,01/02/16,310.00,1
N100,Buy,01/02/16,310.90,200
N100,Buy,01/02/16,310.90,200
N100,Buy,01/02/16,311.88,75
N100,Buy,01/02/16,311.88,5
N100,Buy,01/02/16,313.00,1
N100,Buy,01/02/16,313.15,200
BAJAJFINSV,Sell,04/02/16,1884.10,4
BAJFINANCE,Buy,04/02/16,6280.00,4
KANSAINER,Sell,04/02/16,267.20,10
KANSAINER,Sell,04/02/16,267.15,10
FINCABLES,Sell,04/02/16,228.50,5
FINCABLES,Sell,04/02/16,228.30,7
BERGEPAINT,Buy,04/02/16,266.30,35
TATAMOTORS,Buy,10/02/16,294.00,170
PSUBNKBEES,Buy,21/03/16,271.00,1
PSUBNKBEES,Buy,21/03/16,271.72,59
N100,Buy,21/03/16,292.98,1
TATAMOTORS,Buy,01/04/16,381.00,133
EMPEESUG,Buy,06/04/16,7.94,1250
COFFEEDAY,Sell,06/04/16,226.76,585
PAGEIND,Sell,06/04/16,12058.16,8
INDIGO,Buy,06/04/16,981.79,75
PERSISTENT,Buy,06/04/16,740.61,65
TATAMOTORS,Buy,06/04/16,375.89,265
SWARAJENG,Buy,18/04/16,1103.40,1
SWARAJENG,Buy,18/04/16,1103.40,2
SWARAJENG,Buy,18/04/16,1103.35,15
SWARAJENG,Buy,18/04/16,1103.55,2
SWARAJENG,Buy,18/04/16,1105.00,5
SWARAJENG,Buy,18/04/16,1105.00,16
SWARAJENG,Buy,18/04/16,1104.00,5
VSTTILLERS,Buy,18/04/16,1797.00,28
SRTRANSFIN,Buy,18/04/16,1000.75,48
SRTRANSFIN,Buy,18/04/16,1000.75,2
GICHSGFIN,Buy,18/04/16,266.95,29
GICHSGFIN,Buy,18/04/16,266.95,8
GICHSGFIN,Buy,18/04/16,266.85,3
GICHSGFIN,Buy,18/04/16,266.80,22
GICHSGFIN,Buy,18/04/16,266.60,21
GICHSGFIN,Buy,18/04/16,266.95,30
GICHSGFIN,Buy,18/04/16,267.00,40
GICHSGFIN,Buy,18/04/16,266.40,2
GICHSGFIN,Buy,18/04/16,266.55,25
NCC,Sell,22/04/16,73.80,85
PRATIBHA,Sell,22/04/16,34.50,100
PRATIBHA,Sell,22/04/16,34.50,100
PRATIBHA,Sell,22/04/16,34.45,81
PRATIBHA,Sell,22/04/16,34.45,69
SIMPLEX,Sell,22/04/16,31.00,25
SIMPLEXINF,Sell,22/04/16,255.00,24
STRTECH,Sell,22/04/16,88.35,40
VINDHYATEL,Sell,22/04/16,690.50,10
AVANTIFEED,Sell,22/04/16,456.65,15
INDIGO,Buy,22/04/16,1007.75,2
INDIGO,Buy,22/04/16,1007.95,25
INDIGO,Buy,22/04/16,1007.95,15
WOCKPHARMA,Sell,22/04/16,1024.05,7
GICHSGFIN,Buy,22/04/16,261.70,5
GICHSGFIN,Buy,22/04/16,261.65,25
VRLLOG,Sell,01/06/16,277.90,10
VRLLOG,Sell,01/06/16,277.80,20
VRLLOG,Sell,01/06/16,277.85,20
VRLLOG,Sell,01/06/16,278.05,7
VRLLOG,Sell,01/06/16,278.00,75
TATAMOTORS,Buy,01/06/16,453.60,35
TATAMOTORS,Buy,01/06/16,453.60,29
TATAMOTORS,Buy,01/06/16,453.60,13
TATAMOTORS,Buy,01/06/16,453.60,3
PSUBNKBEES,Sell,01/06/16,271.70,1
PSUBNKBEES,Sell,01/06/16,271.82,1
PSUBNKBEES,Sell,01/06/16,271.67,58
INDIGO,Buy,01/06/16,1032.10,16
GICHSGFIN,Sell,01/06/16,277.50,1
GICHSGFIN,Sell,01/06/16,277.50,1
GICHSGFIN,Sell,01/06/16,277.50,1
GICHSGFIN,Sell,01/06/16,277.45,27
GICHSGFIN,Sell,01/06/16,277.50,180
INDIGO,Buy,01/06/16,1030.00,56
PERSISTENT,Sell,06/06/16,734.42,190
VSTTILLERS,Sell,13/06/16,1910.05,10
VSTTILLERS,Sell,13/06/16,1920.00,1
VSTTILLERS,Sell,13/06/16,1915.00,1
VSTTILLERS,Sell,13/06/16,1920.00,5
VSTTILLERS,Sell,13/06/16,1910.10,10
VSTTILLERS,Sell,13/06/16,1910.00,1
TATAMOTORS,Buy,13/06/16,448.00,10
TATAMOTORS,Buy,13/06/16,448.00,110
SWARAJENG,Sell,13/06/16,1108.00,1
SWARAJENG,Sell,13/06/16,1100.10,14
SWARAJENG,Sell,13/06/16,1100.25,30
SWARAJENG,Sell,13/06/16,1101.00,1
SRTRANSFIN,Buy,13/06/16,1169.00,43
TATAMOTORS,Buy,13/06/16,441.50,225
EMPEESUG,Sell,15/07/16,7.59,1350
INDIGO,Sell,15/07/16,977.24,187
STAR,Sell,15/07/16,1146.53,91
BAJFINANCE,Buy,15/07/16,8719.00,4
BAJFINANCE,Buy,15/07/16,8718.95,2
PSUBNKBEES,Buy,15/07/16,332.50,300
PSUBNKBEES,Buy,15/07/16,332.50,140
INDIGO,Sell,29/07/16,952.95,199
BERGEPAINT,Buy,29/07/16,241.50,48
BERGEPAINT,Buy,29/07/16,241.50,200
BERGEPAINT,Buy,29/07/16,241.50,200
BERGEPAINT,Buy,29/07/16,241.50,48
BERGEPAINT,Buy,29/07/16,241.50,5
BERGEPAINT,Buy,29/07/16,241.50,200
BERGEPAINT,Buy,29/07/16,241.50,48
BERGEPAINT,Buy,29/07/16,241.50,37
BERGEPAINT,Buy,29/07/16,241.70,5
BERGEPAINT,Buy,29/07/16,242.00,1
BAJFINANCE,Buy,03/08/16,10310.00,14
SRTRANSFIN,Buy,03/08/16,1246.45,4
BAJFINANCE,Buy,03/08/16,10000.00,10
PHILIPCARB,Buy,02/09/16,256.75,392
RELCAPITAL,Buy,20/09/16,564.00,177
BAJFINANCE,Buy,29/09/16,1064.00,187
CANFINHOME,Buy,29/11/16,1650.00,87
CANFINHOME,Buy,29/11/16,1650.00,10
CANFINHOME,Buy,29/11/16,1650.00,24
PSUBNKBEES,Sell,26/12/16,324.16,4
PSUBNKBEES,Sell,26/12/16,324.34,1
PSUBNKBEES,Sell,26/12/16,322.01,334
PSUBNKBEES,Sell,26/12/16,323.00,2
PSUBNKBEES,Sell,26/12/16,323.00,10
PSUBNKBEES,Sell,26/12/16,323.00,1
PSUBNKBEES,Sell,26/12/16,323.10,35
PSUBNKBEES,Sell,26/12/16,323.32,1
PSUBNKBEES,Sell,26/12/16,323.68,1
PSUBNKBEES,Sell,26/12/16,323.83,1
PSUBNKBEES,Sell,26/12/16,324.00,5
PSUBNKBEES,Sell,26/12/16,324.00,1
PSUBNKBEES,Sell,26/12/16,324.00,1
PSUBNKBEES,Sell,26/12/16,324.00,1
PSUBNKBEES,Sell,26/12/16,324.15,10
PSUBNKBEES,Sell,26/12/16,324.11,30
PSUBNKBEES,Sell,26/12/16,324.32,1
PSUBNKBEES,Sell,26/12/16,324.32,1
SRTRANSFIN,Sell,26/12/16,786.00,7
SRTRANSFIN,Sell,26/12/16,785.45,1
SRTRANSFIN,Sell,26/12/16,785.45,86
SRTRANSFIN,Sell,26/12/16,786.00,3
RELCAPITAL,Sell,26/12/16,415.20,177
CANFINHOME,Buy,26/12/16,1482.00,8
CANFINHOME,Buy,26/12/16,1482.00,50
CANFINHOME,Buy,26/12/16,1482.35,4
CANFINHOME,Buy,26/12/16,1482.50,65
CANFINHOME,Buy,26/12/16,1479.75,7
CANFINHOME,Buy,26/12/16,1479.80,6
CANFINHOME,Buy,26/12/16,1481.55,4
CANFINHOME,Buy,26/12/16,1481.55,1
CANFINHOME,Buy,26/12/16,1481.45,1
CANFINHOME,Buy,26/12/16,1481.35,1
CANFINHOME,Buy,26/12/16,1480.80,1
CANFINHOME,Buy,26/12/16,1480.50,25
CANFINHOME,Buy,26/12/16,1480.50,1
CANFINHOME,Buy,26/12/16,1480.35,6
CANFINHOME,Buy,26/12/16,1480.40,17
PHILIPCARB,Buy,05/01/17,232.25,6
PHILIPCARB,Buy,05/01/17,231.70,180
PHILIPCARB,Buy,05/01/17,231.90,20
PHILIPCARB,Buy,05/01/17,231.95,34
PHILIPCARB,Buy,05/01/17,232.00,10
PHILIPCARB,Buy,05/01/17,232.00,28
PHILIPCARB,Buy,05/01/17,232.00,90
PHILIPCARB,Buy,05/01/17,232.15,27
PHILIPCARB,Buy,05/01/17,232.20,1
PHILIPCARB,Buy,05/01/17,232.25,6
PHILIPCARB,Buy,05/01/17,232.25,7
PHILIPCARB,Buy,05/01/17,232.25,1
PHILIPCARB,Buy,05/01/17,232.25,1
PHILIPCARB,Buy,05/01/17,232.25,1
PHILIPCARB,Buy,05/01/17,232.25,6
PHILIPCARB,Buy,05/01/17,232.30,12
BERGEPAINT,Buy,05/01/17,215.50,15
BERGEPAINT,Buy,05/01/17,215.80,47
BERGEPAINT,Buy,05/01/17,215.75,200
BERGEPAINT,Buy,05/01/17,215.75,50
BERGEPAINT,Buy,05/01/17,215.70,100
BERGEPAINT,Buy,05/01/17,215.65,50
TATAMOTORS,Buy,05/01/17,500.55,15
TATAMOTORS,Buy,05/01/17,500.55,15
TATAMOTORS,Buy,05/01/17,500.60,107
TATAMOTORS,Buy,05/01/17,500.55,39
TATAMOTORS,Buy,05/01/17,500.55,14
TATAMOTORS,Buy,05/01/17,500.55,5
TATAMOTORS,Buy,05/01/17,500.55,5
BAJFINANCE,Buy,05/01/17,883.25,59
BAJFINANCE,Buy,05/01/17,883.30,50
BAJFINANCE,Buy,05/01/17,883.25,118
BAJFINANCE,Buy,05/01/17,883.25,14
BAJFINANCE,Buy,05/01/17,883.70,9
BAJFINANCE,Buy,05/01/17,883.70,35
BAJFINANCE,Buy,05/01/17,883.20,30
BAJFINANCE,Buy,05/01/17,883.70,54
BAJFINANCE,Buy,05/01/17,883.45,65
PHILIPCARB,Buy,05/01/17,231.50,2
PHILIPCARB,Buy,05/01/17,231.70,1
CANBK,Buy,07/02/17,313.50,240
INDIANB,Buy,07/02/17,291.00,30
INDIANB,Buy,07/02/17,291.00,29
INDIANB,Buy,07/02/17,291.00,30
INDIANB,Buy,07/02/17,291.00,100
INDIANB,Buy,07/02/17,291.00,30
INDIANB,Buy,07/02/17,291.00,100
INDIANB,Buy,07/02/17,291.00,109
SBIN,Buy,07/02/17,277.45,183
SBIN,Buy,07/02/17,277.45,87
VIJAYABANK,Buy,07/02/17,63.90,1030
VIJAYABANK,Buy,07/02/17,63.85,140
CUB,Buy,07/02/17,165.75,365
CUB,Buy,07/02/17,165.70,240
DCBBANK,Buy,07/02/17,134.05,560
FEDERALBNK,Buy,07/02/17,83.10,576
FEDERALBNK,Buy,07/02/17,83.10,324
EDELWEISS,Buy,07/02/17,124.25,12
EDELWEISS,Buy,07/02/17,124.25,240
EDELWEISS,Buy,07/02/17,124.25,17
EDELWEISS,Buy,07/02/17,124.25,240
EDELWEISS,Buy,07/02/17,124.25,17
EDELWEISS,Buy,07/02/17,124.25,240
EDELWEISS,Buy,07/02/17,124.25,17
EDELWEISS,Buy,07/02/17,124.25,110
EDELWEISS,Buy,07/02/17,124.25,17
EDELWEISS,Buy,07/02/17,124.25,50
EDELWEISS,Buy,07/02/17,124.25,240
MOTILALOFS,Buy,07/02/17,595.40,1
MOTILALOFS,Buy,07/02/17,594.40,62
MOTILALOFS,Buy,07/02/17,594.45,20
MOTILALOFS,Buy,07/02/17,594.50,1
MOTILALOFS,Buy,07/02/17,594.80,10
MOTILALOFS,Buy,07/02/17,594.90,10
MOTILALOFS,Buy,07/02/17,595.00,1
MOTILALOFS,Buy,07/02/17,595.00,50
MOTILALOFS,Buy,07/02/17,595.40,13
TATAMOTORS,Buy,07/02/17,514.65,4
TATAMOTORS,Buy,07/02/17,514.65,4
TATAMOTORS,Buy,07/02/17,514.65,8
TATAMOTORS,Buy,07/02/17,514.65,4
TATAMOTORS,Buy,07/02/17,514.65,14
TATAMOTORS,Buy,07/02/17,514.65,4
TATAMOTORS,Buy,07/02/17,514.65,8
TATAMOTORS,Buy,07/02/17,514.65,4
TATAMOTORS,Buy,07/02/17,514.65,14
TATAMOTORS,Buy,07/02/17,514.65,4
TATAMOTORS,Buy,07/02/17,514.65,8
TATAMOTORS,Buy,07/02/17,514.65,4
TATAMOTORS,Buy,07/02/17,514.65,14
TATAMOTORS,Buy,07/02/17,514.65,4
TATAMOTORS,Buy,07/02/17,514.65,8
TATAMOTORS,Buy,07/02/17,514.65,4
TATAMOTORS,Buy,07/02/17,514.65,14
TATAMOTORS,Buy,07/02/17,514.65,4
TATAMOTORS,Buy,07/02/17,514.65,14
TATAMOTORS,Buy,07/02/17,514.65,4
TATAMOTORS,Buy,07/02/17,514.65,8
TATAMOTORS,Buy,07/02/17,514.65,4
TATAMOTORS,Buy,07/02/17,514.65,14
TATAMOTORS,Buy,07/02/17,514.70,27
TATAMOTORS,Buy,07/02/17,514.70,65
TATAMOTORS,Buy,07/02/17,514.65,3
TATAMOTORS,Buy,07/02/17,514.65,4
TATAMOTORS,Buy,07/02/17,514.65,4
TATAMOTORS,Buy,07/02/17,514.65,4
TATAMOTORS,Buy,07/02/17,514.65,4
TATAMOTORS,Buy,07/02/17,514.65,6
TATAMOTORS,Buy,07/02/17,514.65,1
KESORAMIND,Buy,08/02/17,155.30,50
KESORAMIND,Buy,08/02/17,155.30,44
KESORAMIND,Buy,08/02/17,155.30,137
KESORAMIND,Buy,08/02/17,155.25,79
KESORAMIND,Buy,08/02/17,155.20,82
KESORAMIND,Buy,08/02/17,155.25,75
KESORAMIND,Buy,08/02/17,155.25,25
KESORAMIND,Buy,08/02/17,155.25,100
KESORAMIND,Buy,08/02/17,155.45,20
KESORAMIND,Buy,08/02/17,155.50,165
KESORAMIND,Buy,08/02/17,155.40,100
KESORAMIND,Buy,08/02/17,155.40,25
KESORAMIND,Buy,08/02/17,155.30,55
KESORAMIND,Buy,08/02/17,155.30,37
KESORAMIND,Buy,08/02/17,155.30,19
CANFINHOME,Buy,27/02/17,1934.00,50
CANFINHOME,Buy,27/02/17,1933.95,5
CANFINHOME,Buy,27/02/17,1933.30,1
CANFINHOME,Buy,27/02/17,1933.25,1
CANFINHOME,Buy,27/02/17,1934.00,39
CANFINHOME,Buy,27/02/17,1934.00,7
EICHERMOT,Buy,27/02/17,24322.55,2
EICHERMOT,Buy,27/02/17,24322.55,1
EICHERMOT,Buy,27/02/17,24320.00,1
EICHERMOT,Buy,27/02/17,24319.95,2
EICHERMOT,Buy,27/02/17,24322.55,1
EICHERMOT,Buy,27/02/17,24322.55,1
PHILIPCARB,Buy,27/02/17,297.55,19
BERGEPAINT,Sell,02/03/17,230.80,58
BERGEPAINT,Sell,02/03/17,230.85,1
BERGEPAINT,Sell,02/03/17,230.90,50
BERGEPAINT,Sell,02/03/17,230.90,57
BERGEPAINT,Sell,02/03/17,231.00,1169
EDELWEISS,Buy,02/03/17,135.45,15
EDELWEISS,Buy,02/03/17,135.50,14
EDELWEISS,Buy,02/03/17,135.50,106
EDELWEISS,Buy,02/03/17,135.40,25
EDELWEISS,Buy,02/03/17,135.40,82
EDELWEISS,Buy,02/03/17,135.40,31
EDELWEISS,Buy,02/03/17,135.45,338
EDELWEISS,Buy,02/03/17,135.45,25
EDELWEISS,Buy,02/03/17,135.45,25
EDELWEISS,Buy,02/03/17,135.45,369
EDELWEISS,Buy,02/03/17,135.45,107
EDELWEISS,Buy,02/03/17,135.50,300
EDELWEISS,Buy,02/03/17,135.50,100
EDELWEISS,Buy,02/03/17,135.50,100
EDELWEISS,Buy,02/03/17,135.50,25
EDELWEISS,Buy,02/03/17,135.50,14
EDELWEISS,Buy,02/03/17,135.50,300
EDELWEISS,Buy,02/03/17,135.50,14
EDELWEISS,Buy,02/03/17,135.50,300
BAJFINANCE,Buy,02/03/17,1037.60,17
BAJFINANCE,Buy,02/03/17,1037.60,24
BAJFINANCE,Buy,02/03/17,1037.75,109
BAJFINANCE,Buy,02/03/17,1037.60,40
DCBBANK,Sell,02/03/17,153.70,183
DCBBANK,Sell,02/03/17,153.70,102
DCBBANK,Sell,02/03/17,153.70,50
DCBBANK,Sell,02/03/17,153.70,1
DCBBANK,Sell,02/03/17,153.70,224
PHILIPCARB,Buy,02/03/17,294.30,5
PHILIPCARB,Buy,02/03/17,294.15,5
PHILIPCARB,Buy,02/03/17,294.75,5
PHILIPCARB,Buy,02/03/17,294.60,5
PHILIPCARB,Buy,02/03/17,295.00,65
PHILIPCARB,Buy,02/03/17,294.55,86
PHILIPCARB,Buy,02/03/17,294.45,5
PHILIPCARB,Buy,02/03/17,295.00,10
PHILIPCARB,Buy,02/03/17,294.90,5
PHILIPCARB,Buy,02/03/17,294.85,67
PHILIPCARB,Buy,02/03/17,294.80,37
PHILIPCARB,Buy,06/03/17,295.30,485
BAJFINANCE,Buy,06/03/17,1044.00,239
CANFINHOME,Buy,06/03/17,1890.00,152
NCLIND,Buy,24/03/17,185.00,504
INDIANB,Sell,28/03/17,266.00,153
INDIANB,Sell,28/03/17,265.80,275
CUB,Sell,28/03/17,142.40,6
CUB,Sell,28/03/17,142.50,300
CUB,Sell,28/03/17,142.50,299
NCLIND,Buy,28/03/17,204.95,10
NCLIND,Buy,28/03/17,204.95,3
NCLIND,Buy,28/03/17,204.95,100
NCLIND,Buy,28/03/17,204.90,79
NCLIND,Buy,28/03/17,204.95,10
NCLIND,Buy,28/03/17,205.00,5
NCLIND,Buy,28/03/17,205.00,100
NCLIND,Buy,28/03/17,205.00,100
NCLIND,Buy,28/03/17,205.00,100
NCLIND,Buy,28/03/17,205.00,300
NCLIND,Buy,28/03/17,205.00,1
NCLIND,Buy,28/03/17,205.00,35
NCLIND,Buy,28/03/17,205.00,25
NCLIND,Buy,28/03/17,204.95,10
NCLIND,Buy,28/03/17,204.95,1
NCLIND,Buy,28/03/17,204.95,10
NCLIND,Buy,28/03/17,204.95,3
NCLIND,Buy,28/03/17,204.95,10
NCLIND,Buy,28/03/17,204.95,3
NCLIND,Buy,28/03/17,204.95,10
NCLIND,Buy,28/03/17,204.95,3
NCLIND,Buy,28/03/17,204.95,10
NCLIND,Buy,28/03/17,204.95,3
NCLIND,Buy,28/03/17,204.95,10
NCLIND,Buy,28/03/17,204.95,3
NCLIND,Buy,28/03/17,204.95,10
NCLIND,Buy,28/03/17,204.95,3
NCLIND,Buy,28/03/17,204.95,10
NCLIND,Buy,28/03/17,204.95,3
NCLIND,Buy,29/03/17,198.50,430
PHILIPCARB,Sell,18/04/17,380.01,485
BAJFINANCE,Sell,18/04/17,1241.22,239
CANFINHOME,Sell,18/04/17,2430.00,152
NCLIND,Sell,18/04/17,213.06,504
NCLIND,Sell,18/04/17,212.76,430
TATAMOTORS,Sell,19/04/17,440.30,561
EICHERMOT,Sell,19/04/17,25600.06,16
EICHERMOT,Buy,24/04/17,25550.30,2
EICHERMOT,Buy,24/04/17,25556.55,2
EICHERMOT,Buy,24/04/17,25548.65,3
MOTILALOFS,Buy,24/04/17,861.95,20
MOTILALOFS,Buy,24/04/17,862.00,1
MOTILALOFS,Buy,24/04/17,862.40,252
MOTILALOFS,Buy,24/04/17,862.40,8
MOTILALOFS,Buy,24/04/17,863.90,1
MOTILALOFS,Buy,24/04/17,863.95,30
MOTILALOFS,Buy,24/04/17,864.70,34
MOTILALOFS,Buy,24/04/17,864.95,100
MOTILALOFS,Buy,24/04/17,865.00,125
MOTILALOFS,Buy,24/04/17,861.35,9
SBIN,Sell,24/04/17,282.00,1
SBIN,Sell,24/04/17,281.95,25
SBIN,Sell,24/04/17,281.95,244
VIJAYABANK,Sell,24/04/17,69.50,11
VIJAYABANK,Sell,24/04/17,69.50,88
VIJAYABANK,Sell,24/04/17,69.50,12
VIJAYABANK,Sell,24/04/17,69.50,50
VIJAYABANK,Sell,24/04/17,69.50,119
VIJAYABANK,Sell,24/04/17,69.50,200
VIJAYABANK,Sell,24/04/17,69.50,25
VIJAYABANK,Sell,24/04/17,69.45,540
VIJAYABANK,Sell,24/04/17,69.40,125
CANBK,Sell,24/04/17,322.50,100
CANBK,Sell,24/04/17,322.50,10
CANBK,Sell,24/04/17,322.50,5
CANBK,Sell,24/04/17,322.50,50
CANBK,Sell,24/04/17,322.50,75
PVR,Buy,24/04/17,1569.05,172
PVR,Buy,24/04/17,1569.05,18
MOTILALOFS,Buy,24/04/17,857.40,116
MOTILALOFS,Buy,24/04/17,850.00,116
PHILIPCARB,Buy,25/04/17,409.85,12
PHILIPCARB,Buy,25/04/17,409.90,42
PHILIPCARB,Buy,25/04/17,409.95,14
PHILIPCARB,Buy,25/04/17,409.95,100
PHILIPCARB,Buy,25/04/17,409.95,121
PHILIPCARB,Buy,25/04/17,409.95,76
GICHSGFIN,Buy,25/04/17,519.00,442
CANFINHOME,Buy,12/05/17,2653.00,39
MOTILALOFS,Buy,12/05/17,1025.00,98
CANFINHOME,Buy,18/05/17,2671.15,37
KESORAMIND,Sell,14/06/17,143.60,500
KESORAMIND,Sell,14/06/17,143.55,40
KESORAMIND,Sell,14/06/17,143.55,25
KESORAMIND,Sell,14/06/17,143.55,166
KESORAMIND,Sell,14/06/17,143.55,50
KESORAMIND,Sell,14/06/17,143.55,80
KESORAMIND,Sell,14/06/17,143.50,152
PVR,Sell,14/06/17,1511.30,19
PVR,Sell,14/06/17,1511.25,40
PVR,Sell,14/06/17,1511.25,11
PVR,Sell,14/06/17,1511.95,58
PVR,Sell,14/06/17,1512.00,1
PVR,Sell,14/06/17,1512.10,21
PVR,Sell,14/06/17,1512.90,12
PVR,Sell,14/06/17,1512.95,15
PVR,Sell,14/06/17,1513.10,13
NCLIND,Sell,14/06/17,203.00,35
NCLIND,Sell,14/06/17,203.85,65
NCLIND,Sell,14/06/17,204.00,1
NCLIND,Sell,14/06/17,204.00,149
NCLIND,Sell,14/06/17,202.75,360
NCLIND,Sell,14/06/17,202.85,60
NCLIND,Sell,14/06/17,203.00,1
NCLIND,Sell,14/06/17,203.00,11
NCLIND,Sell,14/06/17,203.00,1
NCLIND,Sell,14/06/17,203.05,67
NCLIND,Sell,14/06/17,203.25,21
NCLIND,Sell,14/06/17,203.25,72
NCLIND,Sell,14/06/17,203.45,57
NCLIND,Sell,14/06/17,203.65,70
EDELWEISS,Buy,14/06/17,205.40,52
EDELWEISS,Buy,14/06/17,205.35,50
EDELWEISS,Buy,14/06/17,205.10,340
EDELWEISS,Buy,14/06/17,205.05,321
EDELWEISS,Buy,14/06/17,205.05,100
EDELWEISS,Buy,14/06/17,205.05,107
PHILIPCARB,Buy,14/06/17,494.00,49
PHILIPCARB,Buy,14/06/17,494.85,239
PHILIPCARB,Buy,14/06/17,494.80,50
PHILIPCARB,Buy,14/06/17,494.75,37
PHILIPCARB,Buy,14/06/17,494.40,1
PHILIPCARB,Buy,14/06/17,494.30,2
PHILIPCARB,Buy,14/06/17,494.20,10
PHILIPCARB,Buy,14/06/17,494.20,5
PHILIPCARB,Buy,14/06/17,494.20,5
PHILIPCARB,Buy,14/06/17,493.95,2
GICHSGFIN,Buy,14/06/17,600.85,20
GICHSGFIN,Buy,14/06/17,600.90,83
GICHSGFIN,Buy,14/06/17,600.95,53
GICHSGFIN,Buy,14/06/17,600.75,40
GICHSGFIN,Buy,14/06/17,601.00,100
GICHSGFIN,Buy,14/06/17,601.45,62
GICHSGFIN,Buy,14/06/17,601.85,26
EDELWEISS,Buy,20/06/17,198.45,10
EDELWEISS,Buy,20/06/17,198.45,5
EDELWEISS,Buy,20/06/17,198.45,10
EDELWEISS,Buy,20/06/17,198.45,5
EDELWEISS,Buy,20/06/17,198.45,980
PHILIPCARB,Buy,21/06/17,624.90,1
PHILIPCARB,Buy,21/06/17,623.95,50
PHILIPCARB,Buy,21/06/17,624.80,19
PHILIPCARB,Buy,21/06/17,624.60,50
PHILIPCARB,Buy,21/06/17,624.45,30
PHILIPCARB,Buy,21/06/17,624.00,100
PHILIPCARB,Buy,21/06/17,624.00,15
PHILIPCARB,Buy,21/06/17,624.90,4
AVANTIFEED,Buy,08/08/17,1775.00,1
AVANTIFEED,Buy,08/08/17,1774.90,1
AVANTIFEED,Buy,08/08/17,1774.00,10
AVANTIFEED,Buy,08/08/17,1773.00,1
AVANTIFEED,Buy,08/08/17,1772.90,10
AVANTIFEED,Buy,08/08/17,1772.85,10
AVANTIFEED,Buy,08/08/17,1771.00,33
AVANTIFEED,Buy,08/08/17,1775.00,10
AVANTIFEED,Buy,08/08/17,1775.00,4
AVANTIFEED,Buy,08/08/17,1775.00,1
AVANTIFEED,Buy,08/08/17,1775.00,25
AVANTIFEED,Buy,08/08/17,1775.00,2
AVANTIFEED,Buy,08/08/17,1775.00,2
AVANTIFEED,Buy,08/08/17,1775.00,1
AVANTIFEED,Buy,08/08/17,1775.00,1
TATAMOTORS,Sell,09/08/17,416.60,22
TATAMOTORS,Sell,09/08/17,416.60,17
TATAMOTORS,Sell,09/08/17,416.60,153
TATAMOTORS,Sell,09/08/17,416.60,8
TATAMOTORS,Sell,09/08/17,416.60,100
TATAMOTORS,Sell,09/08/17,416.60,201
TATAMOTORS,Sell,09/08/17,416.60,1
TATAMOTORS,Sell,09/08/17,416.60,13
TATAMOTORS,Sell,09/08/17,416.60,22
TATAMOTORS,Sell,09/08/17,416.60,22
TATAMOTORS,Sell,09/08/17,416.60,22
TATAMOTORS,Sell,09/08/17,416.60,150
TATAMOTORS,Sell,09/08/17,416.60,22
TATAMOTORS,Sell,09/08/17,416.60,7
TATAMOTORS,Sell,09/08/17,416.60,22
TATAMOTORS,Sell,09/08/17,416.60,67
TATAMOTORS,Sell,09/08/17,416.60,101
TATAMOTORS,Sell,09/08/17,416.60,2
TATAMOTORS,Sell,09/08/17,416.60,96
TATAMOTORS,Sell,09/08/17,416.60,153
TATAMOTORS,Sell,09/08/17,416.60,3
TATAMOTORS,Sell,09/08/17,416.60,1
TATAMOTORS,Sell,09/08/17,416.60,25
BAJFINANCE,Buy,09/08/17,1703.75,110
BAJFINANCE,Buy,09/08/17,1703.80,47
BAJFINANCE,Buy,09/08/17,1704.40,85
BAJFINANCE,Buy,09/08/17,1703.90,20
BAJFINANCE,Buy,09/08/17,1703.70,38
BAJFINANCE,Buy,09/08/17,1703.70,1
FEDERALBNK,Sell,24/08/17,105.95,224
FEDERALBNK,Sell,24/08/17,105.95,124
FEDERALBNK,Sell,24/08/17,105.95,22
FEDERALBNK,Sell,24/08/17,105.95,530
N100,Buy,24/08/17,383.48,20
N100,Buy,24/08/17,380.00,1
N100,Buy,24/08/17,384.86,3
N100,Buy,24/08/17,385.00,198
N100,Buy,24/08/17,379.00,3
N100,Buy,24/08/17,383.56,2
N100,Buy,24/08/17,383.49,20
N100,Buy,24/08/17,380.00,2
N100,Buy,24/08/17,380.00,1
BAJFINANCE,Buy,08/09/17,1896.30,1
BAJFINANCE,Buy,08/09/17,1896.35,79
BAJFINANCE,Buy,08/09/17,1896.40,25
GICHSGFIN,Sell,30/10/17,493.90,15
GICHSGFIN,Sell,30/10/17,492.80,268
GICHSGFIN,Sell,30/10/17,493.50,50
GICHSGFIN,Sell,30/10/17,493.75,300
GICHSGFIN,Sell,30/10/17,493.80,56
GICHSGFIN,Sell,30/10/17,493.85,26
GICHSGFIN,Sell,30/10/17,494.50,85
AVANTIFEED,Buy,30/10/17,2886.50,50
AVANTIFEED,Buy,30/10/17,2886.50,25
AVANTIFEED,Buy,30/10/17,2886.50,2
AVANTIFEED,Buy,30/10/17,2886.50,25
AVANTIFEED,Buy,30/10/17,2886.50,34
EICHERMOT,Sell,06/11/17,31013.25,1
EICHERMOT,Sell,06/11/17,31013.25,1
EICHERMOT,Sell,06/11/17,31013.80,3
EICHERMOT,Sell,06/11/17,31015.00,5
EICHERMOT,Sell,06/11/17,31015.05,1
EICHERMOT,Sell,06/11/17,31015.05,1
EICHERMOT,Sell,06/11/17,31015.05,1
EICHERMOT,Sell,06/11/17,31015.05,1
EICHERMOT,Sell,06/11/17,31026.00,1
HEG,Buy,06/11/17,1932.35,120
GRAPHITE,Buy,07/11/17,634.00,365
GRAPHITE,Buy,08/12/17,666.30,3
HEG,Buy,11/12/17,2026.50,50
GRAPHITE,Buy,11/12/17,675.00,10
GRAPHITE,Buy,11/12/17,675.00,195
GRAPHITE,Buy,11/12/17,675.00,50
EDELWEISS,Buy,21/12/17,291.00,149
EDELWEISS,Buy,21/12/17,290.95,23
BAJFINANCE,Buy,21/12/17,1755.00,85
EDELWEISS,Buy,21/12/17,290.65,2
AVANTIFEED,Sell,04/01/18,2541.00,2
AVANTIFEED,Sell,04/01/18,2540.00,1
AVANTIFEED,Sell,04/01/18,2540.00,5
AVANTIFEED,Sell,04/01/18,2540.00,12
AVANTIFEED,Sell,04/01/18,2540.00,1
AVANTIFEED,Sell,04/01/18,2540.05,14
AVANTIFEED,Sell,04/01/18,2540.05,11
AVANTIFEED,Sell,04/01/18,2541.00,1
AVANTIFEED,Sell,04/01/18,2541.15,20
AVANTIFEED,Sell,04/01/18,2541.50,2
AVANTIFEED,Sell,04/01/18,2545.00,5
AVANTIFEED,Sell,04/01/18,2545.00,5
AVANTIFEED,Sell,04/01/18,2545.00,5
AVANTIFEED,Sell,04/01/18,2545.00,40
AVANTIFEED,Sell,04/01/18,2546.00,16
AVANTIFEED,Sell,04/01/18,2546.05,20
AVANTIFEED,Sell,04/01/18,2546.10,2
AVANTIFEED,Sell,04/01/18,2538.05,9
AVANTIFEED,Sell,04/01/18,2538.05,14
AVANTIFEED,Sell,04/01/18,2540.00,5
AVANTIFEED,Sell,04/01/18,2540.00,20
AVANTIFEED,Sell,04/01/18,2540.00,1
AVANTIFEED,Sell,04/01/18,2540.00,5
AVANTIFEED,Sell,04/01/18,2540.00,10
AVANTIFEED,Sell,04/01/18,2540.00,2
AVANTIFEED,Sell,04/01/18,2540.00,20
PHILIPCARB,Buy,04/01/18,1265.00,13
PHILIPCARB,Buy,04/01/18,1265.00,145
GRAPHITE,Buy,04/01/18,905.60,22
GRAPHITE,Buy,04/01/18,905.55,19
GRAPHITE,Buy,04/01/18,905.60,34
GRAPHITE,Buy,04/01/18,905.60,20
GRAPHITE,Buy,04/01/18,905.60,50
GRAPHITE,Buy,04/01/18,905.60,5
GRAPHITE,Buy,04/01/18,905.60,20
GRAPHITE,Buy,04/01/18,905.60,50
HEG,Buy,04/01/18,2757.95,38
HEG,Buy,04/01/18,2756.95,1
HEG,Buy,04/01/18,2756.90,25
HEG,Buy,04/01/18,2757.60,19
PCJEWELLER,Buy,02/02/18,341.15,2
PCJEWELLER,Buy,02/02/18,338.55,160
PCJEWELLER,Sell,02/02/18,334.25,72
PCJEWELLER,Sell,02/02/18,334.25,78
PCJEWELLER,Sell,02/02/18,334.25,10
GICHSGFIN,Sell,02/02/18,412.30,11
GICHSGFIN,Sell,02/02/18,412.35,15
TITAN,Buy,02/02/18,820.80,24
PHILIPCARB,Sell,06/02/18,950.40,825
BAJFINANCE,Sell,06/02/18,1555.00,42
BAJFINANCE,Sell,06/02/18,1555.00,32
BAJFINANCE,Sell,06/02/18,1555.00,100
BAJFINANCE,Sell,06/02/18,1555.00,5
BAJFINANCE,Sell,06/02/18,1555.00,2
BAJFINANCE,Sell,06/02/18,1555.00,30
BAJFINANCE,Sell,06/02/18,1555.00,50
BAJFINANCE,Sell,06/02/18,1555.00,3
BAJFINANCE,Sell,06/02/18,1555.00,3
BAJFINANCE,Sell,06/02/18,1555.00,100
BAJFINANCE,Sell,06/02/18,1555.00,614
CANFINHOME,Sell,06/02/18,435.10,8
CANFINHOME,Sell,06/02/18,435.05,114
CANFINHOME,Sell,06/02/18,435.00,1431
CANFINHOME,Sell,06/02/18,435.00,10
CANFINHOME,Sell,06/02/18,435.00,3
CANFINHOME,Sell,06/02/18,435.00,2
CANFINHOME,Sell,06/02/18,435.00,297
ESCORTS,Buy,08/02/18,900.00,111
TITAN,Buy,08/02/18,790.00,126
TATAELXSI,Buy,08/02/18,1000.00,100
STRTECH,Buy,08/02/18,345.00,290
HCLTECH,Buy,08/02/18,957.00,104
MINDTREE,Buy,08/02/18,740.00,136
PAGEIND,Buy,08/02/18,19700.00,6
VIPIND,Buy,08/02/18,357.00,6
VIPIND,Buy,08/02/18,357.00,187
VIPIND,Buy,08/02/18,357.00,50
VIPIND,Buy,08/02/18,357.00,37
HCLTECH,Buy,09/02/18,938.00,83
HCLTECH,Buy,09/02/18,938.00,23
TITAN,Buy,09/02/18,793.30,19
TITAN,Buy,09/02/18,793.30,8
TITAN,Buy,09/02/18,793.70,2
TITAN,Buy,09/02/18,793.75,30
TITAN,Buy,09/02/18,793.80,66
KALPATPOWR,Buy,09/02/18,456.35,80
KALPATPOWR,Buy,09/02/18,456.25,50
KALPATPOWR,Buy,09/02/18,455.90,70
KALPATPOWR,Buy,09/02/18,455.95,34
KALPATPOWR,Buy,09/02/18,456.00,200
KALPATPOWR,Buy,09/02/18,456.15,4
PCJEWELLER,Sell,09/02/18,372.50,2
MINDTREE,Buy,09/02/18,725.50,137
TATAELXSI,Buy,09/02/18,988.00,1
TATAELXSI,Buy,09/02/18,988.00,23
TATAELXSI,Buy,09/02/18,988.00,94
TATAELXSI,Buy,09/02/18,988.00,1
TATAELXSI,Buy,09/02/18,987.95,1
STRTECH,Buy,09/02/18,332.00,265
ESCORTS,Buy,09/02/18,895.00,111
STRTECH,Buy,09/02/18,332.00,35
BALKRISIND,Buy,09/02/18,1146.95,59
BALKRISIND,Buy,09/02/18,1147.00,71
CEATLTD,Buy,09/02/18,1556.00,100
HEG,Buy,09/02/18,2800.00,35
GRAPHITE,Buy,09/02/18,710.00,140
HEG,Buy,12/02/18,3000.00,4
HEG,Buy,12/02/18,3000.00,29
GRAPHITE,Buy,12/02/18,740.00,135
RELCAPITAL,Buy,12/02/18,510.00,60
RELCAPITAL,Buy,12/02/18,510.00,275
RELCAPITAL,Buy,12/02/18,510.00,60
MOTILALOFS,Buy,14/02/18,1177.00,27
MOTILALOFS,Buy,14/02/18,1177.00,143
HEG,Buy,14/02/18,2960.00,60
EDELWEISS,Buy,14/02/18,267.00,340
EDELWEISS,Buy,14/02/18,267.00,414
MINDTREE,Sell,16/02/18,709.85,1
MINDTREE,Sell,16/02/18,709.85,1
MINDTREE,Sell,16/02/18,709.85,7
MINDTREE,Sell,16/02/18,709.80,92
MINDTREE,Sell,16/02/18,709.75,29
MINDTREE,Sell,16/02/18,709.60,15
MINDTREE,Sell,16/02/18,709.55,2
MINDTREE,Sell,16/02/18,709.55,57
MINDTREE,Sell,16/02/18,709.80,50
MINDTREE,Sell,16/02/18,709.85,9
MINDTREE,Sell,16/02/18,709.85,1
MINDTREE,Sell,16/02/18,709.85,9
ESCORTS,Sell,16/02/18,875.15,50
ESCORTS,Sell,16/02/18,875.15,55
ESCORTS,Sell,16/02/18,875.15,90
ESCORTS,Sell,16/02/18,875.15,27
KRBL,Buy,16/02/18,624.00,621
BALKRISIND,Sell,16/02/18,1151.40,10
BALKRISIND,Sell,16/02/18,1151.05,45
BALKRISIND,Sell,16/02/18,1151.20,20
BALKRISIND,Sell,16/02/18,1151.30,2
BALKRISIND,Sell,16/02/18,1151.35,31
BALKRISIND,Sell,16/02/18,1151.55,22
KRBL,Buy,16/02/18,609.00,245
PHILIPCARB,Buy,16/02/18,1183.00,42
HEG,Buy,16/02/18,2720.00,18
CANFINHOME,Buy,16/02/18,505.00,50
GRAPHITE,Buy,16/02/18,703.00,2
GRAPHITE,Buy,16/02/18,703.00,4
GRAPHITE,Buy,16/02/18,703.00,2
GRAPHITE,Buy,16/02/18,703.00,1
EDELWEISS,Buy,16/02/18,264.00,10
GRAPHITE,Buy,16/02/18,703.00,1
EDELWEISS,Buy,16/02/18,264.00,30
EDELWEISS,Buy,16/02/18,264.00,150
CANFINHOME,Buy,16/02/18,505.00,50
MOTILALOFS,Buy,16/02/18,1140.00,43
GRAPHITE,Buy,16/02/18,703.00,2
GRAPHITE,Buy,16/02/18,703.00,1
GRAPHITE,Buy,16/02/18,703.00,1
GRAPHITE,Buy,16/02/18,703.00,34
GRAPHITE,Buy,16/02/18,703.00,27
PHILIPCARB,Sell,21/02/18,1200.00,529
PAGEIND,Sell,21/02/18,22580.00,6
HCLTECH,Sell,21/02/18,925.00,11
HCLTECH,Sell,21/02/18,925.00,199
VIPIND,Sell,21/02/18,338.00,206
GRAPHITE,Sell,21/02/18,641.00,12
GRAPHITE,Sell,21/02/18,641.00,397
GRAPHITE,Sell,21/02/18,641.00,25
GRAPHITE,Sell,21/02/18,641.00,759
TITAN,Sell,21/02/18,830.00,275
VIPIND,Sell,21/02/18,338.00,74
PHILIPCARB,Sell,21/02/18,1200.00,150
PHILIPCARB,Sell,21/02/18,1200.00,196
PHILIPCARB,Sell,21/02/18,1200.00,76
PHILIPCARB,Sell,21/02/18,1200.00,124
PHILIPCARB,Sell,21/02/18,1200.00,473
RELCAPITAL,Sell,21/02/18,470.00,218
RELCAPITAL,Sell,21/02/18,470.00,177
CANFINHOME,Sell,21/02/18,518.00,395
CANFINHOME,Sell,21/02/18,518.00,163
CANFINHOME,Sell,21/02/18,518.00,162
KRBL,Sell,21/02/18,575.00,866
HEG,Sell,21/02/18,2599.00,46
HEG,Sell,21/02/18,2599.00,25
N100,Sell,21/02/18,500.01,50
N100,Sell,21/02/18,500.10,25
N100,Sell,21/02/18,500.00,150
MOTILALOFS,Sell,21/02/18,1110.00,1291
HEG,Sell,21/02/18,2599.00,328
STRTECH,Sell,21/02/18,343.00,221
STRTECH,Sell,21/02/18,343.00,369
CEATLTD,Sell,21/02/18,1595.00,100
N100,Sell,21/02/18,500.00,59
BAJFINANCE,Sell,21/02/18,1605.00,408
BAJFINANCE,Sell,21/02/18,1605.00,273
TATAELXSI,Sell,21/02/18,996.00,22
TATAELXSI,Sell,21/02/18,996.00,1
TATAELXSI,Sell,21/02/18,996.00,25
TATAELXSI,Sell,21/02/18,996.00,50
KALPATPOWR,Sell,21/02/18,452.90,28
KALPATPOWR,Sell,21/02/18,452.70,2
KALPATPOWR,Sell,21/02/18,452.95,1
KALPATPOWR,Sell,21/02/18,453.00,1
KALPATPOWR,Sell,21/02/18,453.00,1
KALPATPOWR,Sell,21/02/18,453.00,25
KALPATPOWR,Sell,21/02/18,453.00,2
KALPATPOWR,Sell,21/02/18,455.00,1
KALPATPOWR,Sell,21/02/18,455.05,21
KALPATPOWR,Sell,21/02/18,455.05,20
KALPATPOWR,Sell,21/02/18,455.05,3
KALPATPOWR,Sell,21/02/18,456.00,10
KALPATPOWR,Sell,21/02/18,453.05,57
KALPATPOWR,Sell,21/02/18,453.05,59
KALPATPOWR,Sell,21/02/18,453.10,56
KALPATPOWR,Sell,21/02/18,453.55,56
KALPATPOWR,Sell,21/02/18,453.55,50
KALPATPOWR,Sell,21/02/18,453.60,34
KALPATPOWR,Sell,21/02/18,453.60,1
KALPATPOWR,Sell,21/02/18,454.50,10
EDELWEISS,Sell,21/02/18,254.00,25
EDELWEISS,Sell,21/02/18,254.00,5497
EDELWEISS,Sell,21/02/18,254.10,6
EDELWEISS,Sell,21/02/18,254.10,125
EDELWEISS,Sell,21/02/18,254.10,100
EDELWEISS,Sell,21/02/18,254.10,60
EDELWEISS,Sell,21/02/18,254.10,234
EDELWEISS,Sell,21/02/18,254.05,175
EDELWEISS,Sell,21/02/18,254.00,125
EDELWEISS,Sell,21/02/18,254.00,50
EDELWEISS,Sell,21/02/18,254.15,31
EDELWEISS,Sell,21/02/18,254.15,100
EDELWEISS,Sell,21/02/18,254.10,50
EDELWEISS,Sell,21/02/18,254.10,10
N100,Sell,21/02/18,500.00,1
TATAELXSI,Sell,21/02/18,993.70,16
TATAELXSI,Sell,21/02/18,993.55,100
TATAELXSI,Sell,21/02/18,993.05,6
N100,Sell,21/02/18,500.00,4
N100,Sell,21/02/18,500.00,5
N100,Sell,21/02/18,500.00,2
N100,Sell,21/02/18,500.00,10
N100,Sell,21/02/18,500.00,4
N100,Sell,21/02/18,500.00,2
N100,Sell,21/02/18,500.00,5
N100,Sell,21/02/18,500.00,1
N100,Sell,21/02/18,500.00,4
N100,Sell,21/02/18,500.00,2
N100,Sell,21/02/18,500.00,10
N100,Sell,21/02/18,500.00,2
N100,Sell,21/02/18,500.00,10
N100,Sell,21/02/18,500.00,200
N100,Sell,21/02/18,500.00,1
N100,Sell,21/02/18,500.00,2
N100,Sell,21/02/18,500.00,200
N100,Sell,21/02/18,500.00,100
N100,Sell,21/02/18,500.00,100
N100,Sell,21/02/18,500.00,5
N100,Sell,23/02/18,510.00,2
N100,Sell,23/02/18,510.00,1
N100,Sell,23/02/18,510.00,5
N100,Sell,23/02/18,510.00,100
N100,Sell,23/02/18,510.00,589
N100,Sell,26/02/18,515.00,41
N100,Sell,26/02/18,515.00,341
N100,Sell,26/02/18,515.00,1
N100,Sell,26/02/18,515.00,66
N100,Sell,26/02/18,515.00,10
N100,Sell,26/02/18,515.00,14
N100,Sell,27/02/18,518.00,20
N100,Sell,27/02/18,518.00,10
N100,Sell,27/02/18,518.00,391
N100,Sell,27/02/18,518.00,1
N100,Sell,27/02/18,518.00,5
N100,Sell,27/02/18,518.00,390
N100,Sell,27/02/18,518.00,1
N100,Sell,27/02/18,518.00,12
N100,Sell,27/02/18,518.00,9
N100,Sell,27/02/18,518.00,45
N100,Sell,27/02/18,518.00,1
N100,Sell,27/02/18,518.00,9
N100,Sell,27/02/18,518.00,91
N100,Sell,27/02/18,518.00,14
N100,Sell,27/02/18,518.00,1
N100,Sell,27/02/18,518.00,2
N100,Sell,27/02/18,518.00,1
N100,Sell,27/02/18,518.00,1
N100,Sell,27/02/18,518.00,1
N100,Sell,28/02/18,515.00,3
N100,Sell,28/02/18,515.00,1
N100,Sell,28/02/18,515.00,74
N100,Sell,28/02/18,515.00,21
N100,Sell,28/02/18,515.00,47
N100,Sell,28/02/18,515.00,377
FEDERALBNK,Buy,09/04/18,96.60,1
FEDERALBNK,Sell,09/04/18,96.50,1
DCMSHRIRAM,Buy,09/04/18,462.00,220
TATAELXSI,Buy,09/04/18,1040.00,45
TATAELXSI,Buy,09/04/18,1040.00,6
TATAELXSI,Buy,09/04/18,1040.00,45
EDELWEISS,Buy,09/04/18,257.00,85
EDELWEISS,Buy,09/04/18,257.00,304
VIPIND,Buy,09/04/18,365.00,110
VIPIND,Buy,09/04/18,365.00,54
VIPIND,Buy,09/04/18,365.00,40
VIPIND,Buy,09/04/18,365.00,10
VIPIND,Buy,09/04/18,365.00,25
VIPIND,Buy,09/04/18,365.00,34
GODREJCP,Buy,09/04/18,1083.00,31
GODREJCP,Buy,09/04/18,1083.00,20
GODREJCP,Buy,09/04/18,1083.00,41
TITAN,Buy,09/04/18,964.00,72
TITAN,Buy,09/04/18,964.00,30
IBULHSGFIN,Buy,09/04/18,1359.00,73
RKFORGE,Buy,09/04/18,831.50,1
RKFORGE,Buy,09/04/18,831.50,30
BAJFINANCE,Buy,09/04/18,1943.00,51
DMART,Buy,09/04/18,1436.00,70
RKFORGE,Buy,09/04/18,831.50,89
IBULHSGFIN,Buy,10/04/18,1333.00,75
GRAPHITE,Buy,10/04/18,715.00,139
PHILIPCARB,Buy,10/04/18,1150.00,28
PHILIPCARB,Buy,10/04/18,1150.00,1
PHILIPCARB,Buy,10/04/18,1150.00,58
RKFORGE,Buy,10/04/18,823.00,18
RKFORGE,Buy,10/04/18,823.00,101
HEG,Buy,10/04/18,2930.00,34
BAJFINANCE,Buy,10/04/18,1929.00,5
BAJFINANCE,Buy,10/04/18,1929.00,46
DMART,Buy,10/04/18,1460.00,68
GODREJCP,Buy,10/04/18,1077.00,92
TITAN,Buy,10/04/18,961.00,104
GRAPHITE,Buy,10/04/18,705.90,20
GRAPHITE,Buy,10/04/18,705.70,79
GRAPHITE,Buy,10/04/18,705.60,3
GRAPHITE,Buy,10/04/18,705.55,30
GRAPHITE,Buy,10/04/18,705.85,10
EDELWEISS,Buy,11/04/18,262.00,380
DMART,Buy,11/04/18,1475.00,270
BAJFINANCE,Buy,11/04/18,1899.90,52
TITAN,Buy,11/04/18,960.00,208
VIPIND,Buy,11/04/18,383.00,265
PHILIPCARB,Buy,11/04/18,1115.00,61
PHILIPCARB,Buy,11/04/18,1115.00,29
VIPIND,Buy,11/04/18,379.00,529
TATAELXSI,Buy,11/04/18,1040.00,147
TATAELXSI,Buy,11/04/18,1040.00,21
TATAELXSI,Buy,11/04/18,1040.00,24
GRAPHITE,Buy,11/04/18,708.00,140
DMART,Buy,11/04/18,1468.80,5
HEG,Buy,12/04/18,2840.00,35
EDELWEISS,Buy,12/04/18,266.00,55
EDELWEISS,Buy,12/04/18,266.00,47
EDELWEISS,Buy,12/04/18,266.00,8
EDELWEISS,Buy,12/04/18,266.00,260
EDELWEISS,Buy,12/04/18,266.00,1
EDELWEISS,Buy,12/04/18,266.00,7
IBULHSGFIN,Buy,12/04/18,1310.00,75
RKFORGE,Buy,12/04/18,832.00,59
RKFORGE,Buy,12/04/18,832.00,13
RKFORGE,Buy,12/04/18,832.00,48
PHILIPCARB,Buy,12/04/18,1089.50,10
PHILIPCARB,Buy,12/04/18,1089.50,50
PHILIPCARB,Buy,12/04/18,1089.50,31
DCMSHRIRAM,Sell,13/04/18,440.00,5
VSTTILLERS,Buy,13/04/18,2715.00,35
DCMSHRIRAM,Sell,13/04/18,439.35,20
DCMSHRIRAM,Sell,13/04/18,439.30,5
DCMSHRIRAM,Sell,13/04/18,439.00,190
VIPIND,Buy,13/04/18,380.00,457
VIPIND,Buy,13/04/18,380.00,69
EDELWEISS,Buy,13/04/18,264.00,378
AVANTIFEED,Buy,13/04/18,2245.00,88
HEG,Buy,13/04/18,2840.00,35
AVANTIFEED,Buy,13/04/18,2228.00,45
BAJFINANCE,Buy,13/04/18,1920.00,52
GODREJCP,Buy,13/04/18,1070.00,93
BAJFINANCE,Buy,16/04/18,1900.00,52
TITAN,Buy,16/04/18,974.50,102
VSTTILLERS,Buy,16/04/18,2755.00,12
VSTTILLERS,Buy,16/04/18,2755.00,24
PHILIPCARB,Buy,16/04/18,1164.00,172
PHILIPCARB,Buy,17/04/18,1149.50,86
EDELWEISS,Buy,17/04/18,278.00,466
EDELWEISS,Buy,17/04/18,278.00,259
VSTTILLERS,Buy,17/04/18,2785.00,42
VSTTILLERS,Buy,17/04/18,2785.00,29
HEG,Buy,17/04/18,2743.00,36
TITAN,Buy,18/04/18,992.00,101
BAJFINANCE,Buy,18/04/18,1932.00,51
VSTTILLERS,Buy,18/04/18,2790.00,2
VSTTILLERS,Buy,18/04/18,2790.00,14
VSTTILLERS,Buy,18/04/18,2790.00,2
VSTTILLERS,Buy,18/04/18,2790.00,5
VSTTILLERS,Buy,18/04/18,2790.00,5
VSTTILLERS,Buy,18/04/18,2790.00,2
VSTTILLERS,Buy,18/04/18,2790.00,4
VSTTILLERS,Buy,18/04/18,2790.00,1
GRAPHITE,Buy,18/04/18,703.00,142
TATAELXSI,Buy,18/04/18,1065.00,48
TATAELXSI,Buy,18/04/18,1065.00,45
GRAPHITE,Buy,18/04/18,690.00,55
GRAPHITE,Buy,18/04/18,690.00,95
RKFORGE,Buy,18/04/18,819.00,22
RKFORGE,Buy,18/04/18,819.00,100
TITAN,Buy,18/04/18,979.00,102
VSTTILLERS,Buy,18/04/18,2777.00,23
PHILIPCARB,Buy,18/04/18,1120.00,90
VSTTILLERS,Buy,18/04/18,2777.00,12
RKFORGE,Buy,18/04/18,813.10,16
RKFORGE,Buy,18/04/18,813.15,24
RKFORGE,Buy,18/04/18,812.15,5
RKFORGE,Buy,18/04/18,813.50,1
RKFORGE,Buy,18/04/18,814.10,23
RKFORGE,Buy,18/04/18,814.90,1
RKFORGE,Buy,18/04/18,815.05,6
RKFORGE,Buy,18/04/18,815.00,20
RKFORGE,Buy,18/04/18,812.20,26
VSTTILLERS,Buy,20/04/18,2820.00,1
VSTTILLERS,Buy,20/04/18,2820.00,3
VSTTILLERS,Buy,20/04/18,2820.00,1
IBULHSGFIN,Buy,20/04/18,1355.00,73
IBULHSGFIN,Buy,23/04/18,1354.00,73
IBULHSGFIN,Buy,23/04/18,1322.50,67
IBULHSGFIN,Buy,23/04/18,1322.50,9
GRAPHITE,Buy,23/04/18,699.00,31
GRAPHITE,Buy,23/04/18,699.00,111
GODREJCP,Buy,23/04/18,1118.15,83
GODREJCP,Buy,23/04/18,1118.00,6
TATAELXSI,Buy,24/04/18,1199.00,83
PHILIPCARB,Buy,24/04/18,255.00,400
GODREJCP,Buy,25/04/18,1099.00,90
GODREJCP,Buy,25/04/18,1082.40,24
GODREJCP,Buy,25/04/18,1082.40,50
GODREJCP,Buy,25/04/18,1082.40,17
GODREJCP,Buy,25/04/18,1082.40,1
HEG,Buy,27/04/18,2670.00,4
HEG,Buy,27/04/18,2670.00,1
TATAELXSI,Buy,27/04/18,1197.00,84
HEG,Buy,27/04/18,2670.00,28
HEG,Buy,27/04/18,2670.00,5
AVANTIFEED,Buy,27/04/18,2485.00,80
AVANTIFEED,Buy,30/04/18,2470.00,40
AVANTIFEED,Buy,02/05/18,2441.00,1
AVANTIFEED,Buy,02/05/18,2441.00,40
HEG,Buy,15/05/18,3260.00,12
HEG,Buy,15/05/18,3260.00,80
GRAPHITE,Buy,15/05/18,750.00,400
PHILIPCARB,Buy,15/05/18,236.00,1275
IBULHSGFIN,Sell,18/05/18,1170.00,1
IBULHSGFIN,Sell,18/05/18,1170.00,19
IBULHSGFIN,Sell,18/05/18,1170.00,31
IBULHSGFIN,Sell,18/05/18,1170.00,49
IBULHSGFIN,Sell,18/05/18,1170.00,26
IBULHSGFIN,Sell,18/05/18,1170.00,1
IBULHSGFIN,Sell,18/05/18,1170.00,31
IBULHSGFIN,Sell,18/05/18,1170.00,49
IBULHSGFIN,Sell,18/05/18,1170.00,26
IBULHSGFIN,Sell,18/05/18,1170.00,31
IBULHSGFIN,Sell,18/05/18,1170.00,6
IBULHSGFIN,Sell,18/05/18,1170.00,26
IBULHSGFIN,Sell,18/05/18,1170.00,48
IBULHSGFIN,Sell,18/05/18,1170.00,21
IBULHSGFIN,Sell,18/05/18,1170.00,1
IBULHSGFIN,Sell,18/05/18,1170.00,26
IBULHSGFIN,Sell,18/05/18,1170.00,38
IBULHSGFIN,Sell,18/05/18,1170.00,13
IBULHSGFIN,Sell,18/05/18,1170.00,2
TATAELXSI,Buy,18/05/18,1167.70,71
TATAELXSI,Buy,18/05/18,1167.80,53
TATAELXSI,Buy,18/05/18,1167.80,159
TATAELXSI,Buy,18/05/18,1167.75,94
TATAELXSI,Buy,18/05/18,1167.70,21
TATAELXSI,Buy,18/05/18,1167.65,42
TATAELXSI,Buy,18/05/18,1167.35,5
HEG,Buy,18/05/18,3504.00,4
HEG,Buy,18/05/18,3504.00,24
GRAPHITE,Buy,18/05/18,795.00,10
GRAPHITE,Buy,18/05/18,795.00,81
GRAPHITE,Buy,18/05/18,795.00,34
PHILIPCARB,Buy,18/05/18,234.00,146
PHILIPCARB,Buy,18/05/18,234.00,279
HEG,Buy,18/05/18,3442.00,29
DMART,Buy,18/05/18,1409.85,1
DMART,Buy,18/05/18,1409.85,2
DMART,Buy,18/05/18,1409.90,24
DMART,Buy,18/05/18,1409.95,80
DMART,Buy,18/05/18,1410.00,16
DMART,Buy,18/05/18,1409.70,16
DMART,Buy,18/05/18,1409.75,2
HEG,Buy,18/05/18,3418.00,1
AVANTIFEED,Sell,23/05/18,1916.20,17
AVANTIFEED,Sell,23/05/18,1916.00,1
AVANTIFEED,Sell,23/05/18,1916.00,110
AVANTIFEED,Sell,23/05/18,1916.00,15
AVANTIFEED,Sell,23/05/18,1916.00,4
AVANTIFEED,Sell,23/05/18,1916.00,10
AVANTIFEED,Sell,23/05/18,1916.00,7
AVANTIFEED,Sell,23/05/18,1916.00,25
AVANTIFEED,Sell,23/05/18,1916.00,7
AVANTIFEED,Sell,23/05/18,1916.00,56
AVANTIFEED,Sell,23/05/18,1916.00,7
AVANTIFEED,Sell,23/05/18,1916.00,1
AVANTIFEED,Sell,23/05/18,1916.00,5
AVANTIFEED,Sell,23/05/18,1916.00,7
AVANTIFEED,Sell,23/05/18,1916.00,16
AVANTIFEED,Sell,23/05/18,1916.00,2
DMART,Buy,23/05/18,1360.00,55
DMART,Buy,23/05/18,1359.95,20
DMART,Buy,23/05/18,1360.00,50
DMART,Buy,23/05/18,1360.00,95
EDELWEISS,Buy,23/05/18,310.30,18
EDELWEISS,Buy,23/05/18,310.40,225
EDELWEISS,Buy,23/05/18,310.35,25
EDELWEISS,Buy,23/05/18,310.30,42
EDELWEISS,Buy,23/05/18,310.30,180
EDELWEISS,Buy,23/05/18,310.30,15
EDELWEISS,Buy,23/05/18,310.30,290
EDELWEISS,Buy,23/05/18,310.30,15
BAJFINANCE,Buy,29/05/18,2095.00,95
VIPIND,Buy,29/05/18,417.00,480
NESTLEIND,Sell,04/06/18,9805.00,1
NESTLEIND,Sell,04/06/18,9805.00,1
NESTLEIND,Sell,04/06/18,9805.00,1
NESTLEIND,Buy,04/06/18,9783.85,3
NESTLEIND,Buy,04/06/18,9811.00,3
NESTLEIND,Sell,04/06/18,9820.10,3
RKFORGE,Sell,25/06/18,729.40,3
RKFORGE,Sell,25/06/18,725.65,33
RKFORGE,Sell,25/06/18,725.65,35
RKFORGE,Sell,25/06/18,725.50,342
RKFORGE,Sell,25/06/18,726.45,33
RKFORGE,Sell,25/06/18,730.20,10
RKFORGE,Sell,25/06/18,727.25,35
RKFORGE,Sell,25/06/18,728.05,35
RKFORGE,Sell,25/06/18,728.10,15
RKFORGE,Sell,25/06/18,725.10,20
RKFORGE,Sell,25/06/18,726.45,41
RKFORGE,Sell,25/06/18,730.15,1
VSTTILLERS,Sell,25/06/18,2291.00,10
VSTTILLERS,Sell,25/06/18,2305.00,10
VSTTILLERS,Sell,25/06/18,2305.00,2
VSTTILLERS,Sell,25/06/18,2304.55,5
VSTTILLERS,Sell,25/06/18,2304.55,5
VSTTILLERS,Sell,25/06/18,2303.00,2
VSTTILLERS,Sell,25/06/18,2302.30,1
VSTTILLERS,Sell,25/06/18,2302.10,2
VSTTILLERS,Sell,25/06/18,2301.80,6
VSTTILLERS,Sell,25/06/18,2301.80,6
VSTTILLERS,Sell,25/06/18,2301.55,3
VSTTILLERS,Sell,25/06/18,2301.25,2
VSTTILLERS,Sell,25/06/18,2300.25,10
VSTTILLERS,Sell,25/06/18,2300.00,4
VSTTILLERS,Sell,25/06/18,2300.00,3
VSTTILLERS,Sell,25/06/18,2300.00,5
VSTTILLERS,Sell,25/06/18,2300.00,2
VSTTILLERS,Sell,25/06/18,2300.00,2
VSTTILLERS,Sell,25/06/18,2300.00,1
VSTTILLERS,Sell,25/06/18,2299.05,5
VSTTILLERS,Sell,25/06/18,2299.05,6
VSTTILLERS,Sell,25/06/18,2307.30,6
VSTTILLERS,Sell,25/06/18,2310.00,5
VSTTILLERS,Sell,25/06/18,2310.00,2
VSTTILLERS,Sell,25/06/18,2310.05,1
VSTTILLERS,Sell,25/06/18,2310.05,3
VSTTILLERS,Sell,25/06/18,2311.00,1
VSTTILLERS,Sell,25/06/18,2315.00,3
VSTTILLERS,Sell,25/06/18,2277.05,1
VSTTILLERS,Sell,25/06/18,2277.05,6
VSTTILLERS,Sell,25/06/18,2279.80,5
VSTTILLERS,Sell,25/06/18,2279.80,6
VSTTILLERS,Sell,25/06/18,2280.40,10
VSTTILLERS,Sell,25/06/18,2281.25,3
VSTTILLERS,Sell,25/06/18,2281.30,1
VSTTILLERS,Sell,25/06/18,2281.35,1
VSTTILLERS,Sell,25/06/18,2282.00,4
VSTTILLERS,Sell,25/06/18,2282.55,5
VSTTILLERS,Sell,25/06/18,2282.55,5
VSTTILLERS,Sell,25/06/18,2285.30,5
VSTTILLERS,Sell,25/06/18,2285.30,5
VSTTILLERS,Sell,25/06/18,2286.90,1
VSTTILLERS,Sell,25/06/18,2288.05,6
VSTTILLERS,Sell,25/06/18,2288.05,5
VSTTILLERS,Sell,25/06/18,2290.80,5
VSTTILLERS,Sell,25/06/18,2290.80,6
VSTTILLERS,Sell,25/06/18,2291.30,1
VSTTILLERS,Sell,25/06/18,2293.55,6
VSTTILLERS,Sell,25/06/18,2293.55,6
VSTTILLERS,Sell,25/06/18,2296.30,5
VSTTILLERS,Sell,25/06/18,2296.30,6
VMART,Buy,25/06/18,2585.00,8
VMART,Buy,25/06/18,2585.00,5
DMART,Sell,25/06/18,1496.55,1
DMART,Sell,25/06/18,1496.05,7
DMART,Sell,25/06/18,1496.05,3
DMART,Sell,25/06/18,1496.05,7
DMART,Sell,25/06/18,1496.05,5
DMART,Sell,25/06/18,1496.00,3
DMART,Sell,25/06/18,1496.00,2
DMART,Sell,25/06/18,1496.00,100
DMART,Sell,25/06/18,1496.00,3
DMART,Sell,25/06/18,1496.00,2
DMART,Sell,25/06/18,1496.00,3
DMART,Sell,25/06/18,1496.00,2
DMART,Sell,25/06/18,1496.05,7
DMART,Sell,25/06/18,1496.05,3
DMART,Sell,25/06/18,1496.05,1
DMART,Sell,25/06/18,1496.05,2
DMART,Sell,25/06/18,1496.05,7
DMART,Sell,25/06/18,1496.05,3
DMART,Sell,25/06/18,1496.05,1
DMART,Sell,25/06/18,1496.05,1
DMART,Sell,25/06/18,1496.05,7
DMART,Sell,25/06/18,1496.05,3
DMART,Sell,25/06/18,1496.05,7
DMART,Sell,25/06/18,1496.00,2
DMART,Sell,25/06/18,1496.00,4
DMART,Sell,25/06/18,1496.05,3
DMART,Sell,25/06/18,1496.05,7
DMART,Sell,25/06/18,1496.05,3
DMART,Sell,25/06/18,1496.05,2
DMART,Sell,25/06/18,1496.05,1
DMART,Sell,25/06/18,1496.05,3
DMART,Sell,25/06/18,1496.05,7
DMART,Sell,25/06/18,1496.05,2
DMART,Sell,25/06/18,1494.00,77
DMART,Sell,25/06/18,1494.00,36
DMART,Sell,25/06/18,1494.00,10
DMART,Sell,25/06/18,1494.40,10
DMART,Sell,25/06/18,1494.50,83
DMART,Sell,25/06/18,1494.70,100
DMART,Sell,25/06/18,1495.10,200
DMART,Sell,25/06/18,1495.35,6
DMART,Sell,25/06/18,1495.90,14
DMART,Sell,25/06/18,1495.95,15
DMART,Sell,25/06/18,1496.00,3
DMART,Sell,25/06/18,1496.00,2
DMART,Sell,25/06/18,1496.00,3
VIPIND,Buy,25/06/18,438.00,2645
VMART,Buy,25/06/18,2590.00,2
VMART,Buy,25/06/18,2590.00,40
VMART,Buy,25/06/18,2590.00,14
VMART,Buy,25/06/18,2590.00,8
VMART,Buy,25/06/18,2590.00,50
DMART,Sell,25/06/18,1497.60,1
VMART,Buy,25/06/18,2590.00,143
VMART,Buy,25/06/18,2590.00,90
TITAN,Sell,25/06/18,869.50,16
TITAN,Sell,25/06/18,869.50,3
TITAN,Sell,25/06/18,869.50,16
TITAN,Sell,25/06/18,869.50,3
TITAN,Sell,25/06/18,869.50,16
TITAN,Sell,25/06/18,869.50,3
TITAN,Sell,25/06/18,869.50,16
TITAN,Sell,25/06/18,869.50,3
TITAN,Sell,25/06/18,869.50,16
TITAN,Sell,25/06/18,869.50,3
TITAN,Sell,25/06/18,869.50,16
TITAN,Sell,25/06/18,869.50,16
TITAN,Sell,25/06/18,869.50,3
TITAN,Sell,25/06/18,869.50,3
TITAN,Sell,25/06/18,869.50,2
TITAN,Sell,25/06/18,869.40,421
TITAN,Sell,25/06/18,869.50,3
TITAN,Sell,25/06/18,869.50,16
TITAN,Sell,25/06/18,869.50,1
TITAN,Sell,25/06/18,869.50,13
TITAN,Sell,25/06/18,869.40,130
ABBOTINDIA,Buy,25/06/18,7650.00,4
ABBOTINDIA,Buy,25/06/18,7650.00,8
ABBOTINDIA,Buy,25/06/18,7650.00,5
ABBOTINDIA,Buy,25/06/18,7650.00,9
ABBOTINDIA,Buy,25/06/18,7650.00,5
ABBOTINDIA,Buy,25/06/18,7650.00,9
ABBOTINDIA,Buy,25/06/18,7650.00,5
ABBOTINDIA,Buy,25/06/18,7650.00,9
ABBOTINDIA,Buy,25/06/18,7650.00,5
ABBOTINDIA,Buy,25/06/18,7650.00,9
ABBOTINDIA,Buy,25/06/18,7650.00,5
ABBOTINDIA,Buy,25/06/18,7650.00,9
BAJFINANCE,Buy,26/06/18,2375.00,82
BAJFINANCE,Buy,27/06/18,2338.00,42
TATAELXSI,Buy,27/06/18,1339.00,72
ABBOTINDIA,Buy,27/06/18,7241.00,14
PHILIPCARB,Sell,27/06/18,210.00,50
PHILIPCARB,Buy,27/06/18,209.00,50
VMART,Buy,28/06/18,2433.00,41
DABUR,Buy,28/06/18,388.00,257
TATAELXSI,Buy,28/06/18,1313.00,68
TATAELXSI,Buy,28/06/18,1313.00,8
BAJFINANCE,Buy,28/06/18,2315.00,15
BAJFINANCE,Buy,28/06/18,2315.00,27
BAJFINANCE,Buy,28/06/18,2315.00,1
VMART,Buy,28/06/18,2403.00,20
VMART,Buy,28/06/18,2403.00,17
VMART,Buy,28/06/18,2403.00,4
VMART,Buy,28/06/18,2403.00,1
VMART,Buy,28/06/18,2350.00,43
DABUR,Buy,02/07/18,384.75,260
EDELWEISS,Buy,02/07/18,294.00,85
EDELWEISS,Buy,02/07/18,294.00,255
DABUR,Buy,02/07/18,383.00,37
DABUR,Buy,02/07/18,383.00,53
DABUR,Buy,02/07/18,383.00,1
DABUR,Buy,02/07/18,383.00,34
DABUR,Buy,02/07/18,383.00,10
DABUR,Buy,02/07/18,383.00,2
DABUR,Buy,02/07/18,383.00,11
DABUR,Buy,02/07/18,383.00,8
DABUR,Buy,02/07/18,383.00,2
DABUR,Buy,02/07/18,383.00,1
DABUR,Buy,02/07/18,383.00,6
DABUR,Buy,02/07/18,383.00,20
DABUR,Buy,02/07/18,383.00,2
DABUR,Buy,02/07/18,383.00,1
DABUR,Buy,02/07/18,383.00,3
DABUR,Buy,02/07/18,383.00,1
DABUR,Buy,02/07/18,383.00,1
DABUR,Buy,02/07/18,383.00,3
DABUR,Buy,02/07/18,383.00,1
DABUR,Buy,02/07/18,383.00,66
EDELWEISS,Buy,03/07/18,293.80,340
TATAELXSI,Buy,04/07/18,1355.25,74
DABUR,Buy,04/07/18,379.60,78
DABUR,Buy,04/07/18,379.60,152
DABUR,Buy,04/07/18,379.60,33
GODREJCP,Buy,05/07/18,1253.00,29
GODREJCP,Buy,05/07/18,1253.00,51
GODREJCP,Buy,06/07/18,1249.00,80
VMART,Buy,06/07/18,2583.40,1
VMART,Buy,06/07/18,2583.45,10
VMART,Buy,06/07/18,2584.95,16
VMART,Buy,06/07/18,2583.35,11
GRAPHITE,Buy,06/07/18,942.00,51
GRAPHITE,Buy,06/07/18,942.00,53
GRAPHITE,Buy,06/07/18,942.00,2
VMART,Buy,06/07/18,2559.00,39
GODREJCP,Buy,10/07/18,1247.00,18
GODREJCP,Buy,10/07/18,1247.00,80
VMART,Buy,11/07/18,2909.00,1
VMART,Buy,11/07/18,2909.00,6
VMART,Buy,11/07/18,2909.00,2
VMART,Buy,11/07/18,2909.00,26
GRAPHITE,Buy,11/07/18,995.00,100
BAJFINANCE,Buy,11/07/18,2360.00,42
TATAELXSI,Buy,12/07/18,1426.50,70
GRAPHITE,Buy,12/07/18,998.00,100
GODREJCP,Buy,12/07/18,1326.00,75
GODREJCP,Buy,12/07/18,1316.70,75
GRAPHITE,Buy,12/07/18,992.00,25
GRAPHITE,Buy,12/07/18,991.55,23
GRAPHITE,Buy,12/07/18,991.95,50
GRAPHITE,Buy,12/07/18,992.00,2
GODREJCP,Buy,12/07/18,1311.95,15
GODREJCP,Buy,12/07/18,1311.95,12
GODREJCP,Buy,12/07/18,1311.95,21
GODREJCP,Buy,12/07/18,1311.95,2
GODREJCP,Buy,12/07/18,1311.95,17
GODREJCP,Buy,12/07/18,1311.95,1
GODREJCP,Buy,12/07/18,1311.95,7
TATAELXSI,Buy,12/07/18,1423.15,70
AVANTIFEED,Sell,16/07/18,438.40,12
VMART,Buy,18/07/18,2275.00,94
PHILIPCARB,Buy,18/07/18,210.00,18
PHILIPCARB,Buy,18/07/18,210.00,22
BAJFINANCE,Buy,26/07/18,2658.50,56
GODREJCP,Buy,26/07/18,1333.50,4
GODREJCP,Buy,26/07/18,1333.50,14
GODREJCP,Buy,26/07/18,1333.50,2
GODREJCP,Buy,26/07/18,1333.50,1
GODREJCP,Buy,26/07/18,1333.50,3
GODREJCP,Buy,26/07/18,1333.50,15
GODREJCP,Buy,26/07/18,1333.50,3
GODREJCP,Buy,26/07/18,1333.50,1
GODREJCP,Buy,26/07/18,1333.50,3
GODREJCP,Buy,26/07/18,1333.50,1
GODREJCP,Buy,26/07/18,1333.50,65
HEG,Buy,27/07/18,4090.00,8
HEG,Buy,27/07/18,4090.00,16
BAJFINANCE,Buy,30/07/18,2690.00,6
BAJFINANCE,Buy,30/07/18,2690.00,8
BAJFINANCE,Buy,30/07/18,2690.00,3
BAJFINANCE,Buy,30/07/18,2690.00,2
BAJFINANCE,Buy,30/07/18,2690.00,5
BAJFINANCE,Buy,30/07/18,2690.00,2
BAJFINANCE,Buy,30/07/18,2690.00,5
BAJFINANCE,Buy,30/07/18,2690.00,3
BAJFINANCE,Buy,30/07/18,2698.00,41